ID,Player,Nationality,Country
1,A.Abdennour,TUN,Tunisia
2,A.Abeid,MTN,Mauritania
3,A.Aceves,ESP,Spain
4,A.Adan,ESP,Spain
5,A.Aduriz,ESP,Spain
6,A.Afif,QAT,Qatar
7,A.Aguado,ESP,Spain
8,A.Aguilar,COL,Colombia
9,A.Aguirre,ESP,Spain
10,A.Aketxe,ESP,Spain
11,A.Alarcon,ESP,Spain
12,A.Alcaraz,PAR,Paraguay
13,A.Alegria,ESP,Spain
14,A.Alfaro,ESP,Spain
15,A.Algobia,ESP,Spain
16,A.Almeida,PRT,Portugal
17,A.Amaya,ESP,Spain
18,A.Annan,GHA,Ghana
19,A.Aquilani,ITA,Italy
20,A.Arambarri,ESP,Spain
21,A.Arbeloa,ESP,Spain
22,A.Arbilla,ESP,Spain
23,A.Areola,FRA,France
24,A.Ares,ESP,Spain
25,A.Arribas,ESP,Spain
26,A.Arroyo,ESP,Spain
27,A.Artiles,ESP,Spain
28,A.Asensio,ESP,Spain
29,A.Ba,SEN,Senegal
30,A.Baba,GHA,Ghana
31,A.Baena,ESP,Spain
32,A.Balde,ESP,Spain
33,A.Barrada,MAR,Morocco
34,A.Barragan,ESP,Spain
35,A.Barrenetxea,ESP,Spain
36,A.Barrera,ESP,Spain
37,A.Bastida,ESP,Spain
38,A.Benitez,ESP,Spain
39,A.Berenguer,ESP,Spain
40,A.Bergantinos,ESP,Spain
41,A.Blanco,ESP,Spain
42,A.Blesa,ESP,Spain
43,A.Boka,CIV,Ivory Coast
44,A.Botia,ESP,Spain
45,A.Bravo,ESP,Spain
46,A.Brignoli,ITA,Italy
47,A.Budimir,CRO,Croatia
48,A.Bueno,ESP,Spain
49,A.Bunuel,ESP,Spain
50,A.Butzke,ESP,Spain
51,A.Cabrera,ESP,Spain
52,A.Callens,PER,Peru
53,A.Cantalapiedra,ESP,Spain
54,A.Cantero,ESP,Spain
55,A.Capa,ESP,Spain
56,A.Carmona,ESP,Spain
57,A.Castro,PRT,Portugal
58,A.Catena,ESP,Spain
59,A.Cejudo,ESP,Spain
60,A.Centelles,ESP,Spain
61,A.Cerci,ITA,Italy
62,A.Christensen,DEN,Denmark
63,A.Cifuentes,ESP,Spain
64,A.Cissokho,FRA,France
65,A.Coeff,FRA,France
66,A.Collado,ESP,Spain
67,A.Colunga,ESP,Spain
68,A.Conceicao,BRA,Brazil
69,A.Correa,ARG,Argentina
70,A.Cortes,ESP,Spain
71,A.Costa,ARG,Argentina
72,A.Cotan,ESP,Spain
73,A.Crusat,ESP,Spain
74,A.Danjuma,NLD,Netherlands
75,A.De La Bella,ESP,Spain
76,A.Dealbert,ESP,Spain
77,A.Del Horno,ESP,Spain
78,A.Del Moral,ESP,Spain
79,A.Delibasic,MNE,Montenegro
80,A.Di Maria,ARG,Argentina
81,A.Diaby,MLI,Mali
82,A.Diaz,ESP,Spain
83,A.Dieguez,ESP,Spain
84,A.Dominguez,ESP,Spain
85,A.Doucoure,MLI,Mali
86,A.Duscher,ARG,Argentina
87,A.Elustondo,ESP,Spain
88,A.Embarba,ESP,Spain
89,A.Escandell,ESP,Spain
90,A.Espino,URY,Uruguay
91,A.Ezzalzouli,MAR,Morocco
92,A.Fati,ESP,Spain
93,A.Febas,ESP,Spain
94,A.Felip,ESP,Spain
95,A.Fernandez,ESP,Spain
96,A.Fernandez ,ARG,Argentina
97,A.Finnbogason,ISL,Iceland
98,A.Florenzi,ITA,Italy
99,A.Floro Flores,ITA,Italy
100,A.Fontas,ESP,Spain
101,A.G.Moreno,ESP,Spain
102,A.Gallar,ESP,Spain
103,A.Galvez,ESP,Spain
104,A.Garcia,ESP,Spain
105,A.Garrido,ESP,Spain
106,A.Gayoso,ESP,Spain
107,A.Geijo,ESP,Spain
108,A.Ghezzal,ALG,Algeria
109,A.Gimenez,ESP,Spain
110,A.Gomes,PRT,Portugal
111,A.Gomez,ESP,Spain
112,A.Gomis,ESP,Spain
113,A.Gonzalez,ESP,Spain
114,A.Gorosabel,ESP,Spain
115,A.Granell,ESP,Spain
116,A.Griezmann,FRA,France
117,A.Guardado,MEX,Mexico
118,A.Guerrero,ESP,Spain
119,A.Guevara,ESP,Spain
120,A.Guitian,ESP,Spain
121,A.Gunino,URY,Uruguay
122,A.Hakimi,MAR,Morocco
123,A.Halilovic,CRO,Croatia
124,A.Hernandez,ESP,Spain
125,A.Herrera,ESP,Spain
126,A.Hjulsager,DEN,Denmark
127,A.Hutton,SCO,Scotland
128,A.Iakovenko,UKR,Ukraine
129,A.Ienaga,JPN,Japan
130,A.Illarramendi,ESP,Spain
131,A.Iniesta,ESP,Spain
132,A.Iraola,ESP,Spain
133,A.Isak,SWE,Sweden
134,A.Iturraspe,ESP,Spain
135,A.Ivanschitz,AUT,Austria
136,A.Ivanschltz,AUT,Austria
137,A.Januzaj,BEL,Belgium
138,A.Jimenez,ESP,Spain
139,A.Jovanovic,SRB,Serbia
140,A.Katai,SRB,Serbia
141,A.Kone,CIV,Ivory Coast
142,A.Konko,FRA,France
143,A.Kravets,UKR,Ukraine
144,A.Lafita,ESP,Spain
145,A.Laporte,ESP,Spain
146,A.Lemos,ESP,Spain
147,A.Lois,ESP,Spain
148,A.Lopez,ESP,Spain
149,A.Lopo,ESP,Spain
150,A.Lora,ESP,Spain
151,A.Lozano,HON,Honduras
152,A.Luna,ESP,Spain
153,A.Lunin,UKR,Ukraine
154,A.Luque,ESP,Spain
155,A.Mabil,AUS,Australia
156,A.Mahmoud,MTN,Mauritania
157,A.Malle,MLI,Mali
158,A.Mandi,ALG,Algeria
159,A.Marchesin,ARG,Argentina
160,A.Mari,ESP,Spain
161,A.Marin,ESP,Spain
162,A.Martial,FRA,France
163,A.Martin,ESP,Spain
164,A.Martinez,ESP,Spain
165,A.Martinuccio,ARG,Argentina
166,A.Medran,ESP,Spain
167,A.Medran Just,ESP,Spain
168,A.Menendez,ESP,Spain
169,A.Millan,ESP,Spain
170,A.Minero,ESP,Spain
171,A.Montoro,ESP,Spain
172,A.Morata,ESP,Spain
173,A.Moreno,ESP,Spain
174,A.Mozo,ESP,Spain
175,A.Mula,ESP,Spain
176,A.Mumin,GHA,Ghana
177,A.Munoz,ESP,Spain
178,A.Munoz ,URY,Uruguay
179,A.Nahuelpan,ARG,Argentina
180,A.Ndiaye,SEN,Senegal
181,A.Negredo,ESP,Spain
182,A.Niguez,ESP,Spain
183,A.Noguera,ESP,Spain
184,A.Nong,CMR,Cameroon
185,A.Nunez,ESP,Spain
186,A.Nyom,CMR,Cameroon
187,A.Ocio,ESP,Spain
188,A.Odriozola,ESP,Spain
189,A.One,ESP,Spain
190,A.Oroz,ESP,Spain
191,A.Ortola,ESP,Spain
192,A.Ortuno,ESP,Spain
193,A.Otegui,ESP,Spain
194,A.Oueslati,TUN,Tunisia
195,A.Ozbiliz,ARM,Armenia
196,A.Padron,ESP,Spain
197,A.Palaversa,CRO,Croatia
198,A.Palop,ESP,Spain
199,A.Pantic,SRB,Serbia
200,A.Paredes,ESP,Spain
201,A.Pastoriza,ARG,Argentina
202,A.Pato,BRA,Brazil
203,A.Paz,ESP,Spain
204,A.Pedraza,ESP,Spain
205,A.Pedrosa,ESP,Spain
206,A.Penaranda,VEN,Venezuela
207,A.Perea,ESP,Spain
208,A.Pereira,BRA,Brazil
209,A.Pereira ,URY,Uruguay
210,A.Perez,ESP,Spain
211,A.Petxa,ESP,Spain
212,A.Pinter,HUN,Hungary
213,A.Pozo,ESP,Spain
214,A.Pozo Pozo,ESP,Spain
215,A.Pozuelo,ESP,Spain
216,A.Prats,ESP,Spain
217,A.Prieto,ESP,Spain
218,A.Primo,ESP,Spain
219,A.Puertas,ESP,Spain
220,A.Puigmal,ESP,Spain
221,A.Raillo,ESP,Spain
222,A.Rami,FRA,France
223,A.Ramos,COL,Colombia
224,A.Redondo,ESP,Spain
225,A.Remiro,ESP,Spain
226,A.Revuelta,ESP,Spain
227,A.Riesgo,ESP,Spain
228,A.Rivera,ESP,Spain
229,A.Robles,ESP,Spain
230,A.Rodriguez,ESP,Spain
231,A.Ruano,ESP,Spain
232,A.Rubio,ESP,Spain
233,A.Rudiger,GER,Germany
234,A.Ruibal,ESP,Spain
235,A.Ruiz,ESP,Spain
236,A.Rukavina,SRB,Serbia
237,A.Sadiku,ALB,Albania
238,A.Sanabria,PAR,Paraguay
239,A.Sanchez,ESP,Spain
240,A.Sanchez ,CHL,Chile
241,A.Sane,SEN,Senegal
242,A.Santos,BRA,Brazil
243,A.Santos ,PRT,Portugal
244,A.Sanz,ESP,Spain
245,A.Sardinero,ESP,Spain
246,A.Sedlar,SRB,Serbia
247,A.Semedo,GNB,Guinea-Bissau
248,A.Silva,PRT,Portugal
249,A.Sissoko,FRA,France
250,A.Sivera,ESP,Spain
251,A.Sola,ESP,Spain
252,A.Solano,COL,Colombia
253,A.Solari,ARG,Argentina
254,A.Song,CMR,Cameroon
255,A.Sorloth,NOR,Norway
256,A.Soro,ESP,Spain
257,A.Szymanowski,ARG,Argentina
258,A.Tchouameni,FRA,France
259,A.Tejero,ESP,Spain
260,A.Telles,BRA,Brazil
261,A.Tenas,ESP,Spain
262,A.Tighadouini,MAR,Morocco
263,A.Tirlea,ROU,Romania
264,A.Tomas,ESP,Spain
265,A.Tosca,ROU,Romania
266,A.Trajkovski,MKD,North Macedonia
267,A.Traore,ESP,Spain
268,A.Trujillo,ESP,Spain
269,A.Tuhami,ESP,Spain
270,A.Tunez,VEN,Venezuela
271,A.Turan,TUR,Turkey
272,A.Tziolis,GRE,Greece
273,A.Vadillo,ESP,Spain
274,A.Vazquez,ESP,Spain
275,A.Vidal,CHL,Chile
276,A.Vidal ,ESP,Spain
277,A.Villalibre,ESP,Spain
278,A.Werner,ARG,Argentina
279,A.Witsel,BEL,Belgium
280,Abner,BRA,Brazil
281,Abraham,ESP,Spain
282,Adrian,ESP,Spain
283,Adriano,BRA,Brazil
284,Albentosa,ESP,Spain
285,Alexander,ARG,Argentina
286,Alexis,ESP,Spain
287,Alfon,ESP,Spain
288,Amath,SEN,Senegal
289,Angel,ESP,Spain
290,Annunziata,ESP,Spain
291,Antonin,ESP,Spain
292,Antonito,ESP,Spain
293,Antunes,PRT,Portugal
294,Anuar,MAR,Morocco
295,Apono,ESP,Spain
296,Aranda,ESP,Spain
297,Arthur,BRA,Brazil
298,Asdrubal,ESP,Spain
299,Ayoze,ESP,Spain
300,B.Adekanye,NLD,Netherlands
301,B.Akinsola,NGA,Nigeria
302,B.Anderson,CIV,Ivory Coast
303,B.Angulo,COL,Colombia
304,B.Baston,ESP,Spain
305,B.Cufre,ARG,Argentina
306,B.Dia,SEN,Senegal
307,B.Diawara,SEN,Senegal
308,B.Diaz,MAR,Morocco
309,B.Ekiza,ESP,Spain
310,B.Espinosa,COL,Colombia
311,B.Etxebarria,ESP,Spain
312,B.Fernandez,ESP,Spain
313,B.Gama,PRT,Portugal
314,B.Garces,ESP,Spain
315,B.Garcia,ESP,Spain
316,B.Gil,ESP,Spain
317,B.Gomez,ESP,Spain
318,B.Gonzalez,ESP,Spain
319,B.Herrera,ESP,Spain
320,B.Ideye,NGA,Nigeria
321,B.Iglesias,ESP,Spain
322,B.Jokic,SVN,Slovenia
323,B.Kone,BFA,Burkina Faso
324,B.Krkic,ESP,Spain
325,B.Lasso,ESP,Spain
326,B.Lecomte,FRA,France
327,B.Lopez,ESP,Spain
328,B.Mayoral,ESP,Spain
329,B.Mendez,ESP,Spain
330,B.Mensah,GHA,Ghana
331,B.Nobrega,ESP,Spain
332,B.Ocampo,URY,Uruguay
333,B.Olivan,ESP,Spain
334,B.Oubina,ESP,Spain
335,B.Pawlowski,POL,Poland
336,B.Rabello,CHL,Chile
337,B.Rahman,GHA,Ghana
338,B.Ramirez,ESP,Spain
339,B.Rigo,ESP,Spain
340,B.Rodriguez,URY,Uruguay
341,B.Sainz,ESP,Spain
342,B.Soriano,ESP,Spain
343,B.Thomas,ESP,Spain
344,B.Tremoulinas,FRA,France
345,B.Turrientes,ESP,Spain
346,B.Valero,ESP,Spain
347,B.Valle,ESP,Spain
348,B.Viguera,ESP,Spain
349,B.Zuculini,ARG,Argentina
350,Bacari,GMB,Gambia
351,Barbero,ESP,Spain
352,Barcia,ESP,Spain
353,Barkero,ESP,Spain
354,Barri,ESP,Spain
355,Bebe,CPV,Cabo Verde
356,Beto,PRT,Portugal
357,Blanco,ESP,Spain
358,Bojan,ESP,Spain
359,Bolano,ESP,Spain
360,Brandon,ESP,Spain
361,Braulio,ESP,Spain
362,Bruma,PRT,Portugal
363,Bruno,ESP,Spain
364,Bueno,ESP,Spain
365,Burgui,ESP,Spain
366,C.Akapo,GNQ,Equatorial Guinea
367,C.Alena,ESP,Spain
368,C.Alfonso,ESP,Spain
369,C.Alvarez,ARG,Argentina
370,C.Alvarez ,ESP,Spain
371,C.Ansaldi,ARG,Argentina
372,C.Aranda,ESP,Spain
373,C.Atsu,GHA,Ghana
374,C.Avila,ARG,Argentina
375,C.Awaziem,NGA,Nigeria
376,C.Bacca,COL,Colombia
377,C.Bakambu,COD,Congo Democratic Republic
378,C.Beauvue,GLP,Guadeloupe
379,C.Bellvis,ESP,Spain
380,C.Biraghi,ITA,Italy
381,C.Bonnin,DOM,Dominican Republic
382,C.Borges,CRC,Costa Rica
383,C.Bravo,CHL,Chile
384,C.Bustos,ESP,Spain
385,C.Caballero,ESP,Spain
386,C.Calderon,ESP,Spain
387,C.Carmona,ESP,Spain
388,C.Castro,ESP,Spain
389,C.Castro ,URY,Uruguay
390,C.Clerc,ESP,Spain
391,C.Cueva,PER,Peru
392,C.De La Hoz,ESP,Spain
393,C.Diaz,ARG,Argentina
394,C.Diogo,URY,Uruguay
395,C.Dominguez,ESP,Spain
396,C.Dorado,ESP,Spain
397,C.Doukoure,CIV,Ivory Coast
398,C.Espinoza,ARG,Argentina
399,C.Fabregas,ESP,Spain
400,C.Fernandez,ESP,Spain
401,C.Flores,ESP,Spain
402,C.Ganea,ROU,Romania
403,C.Garcia,ESP,Spain
404,C.Gil,ESP,Spain
405,C.Gomez,ESP,Spain
406,C.Gonzalez,ESP,Spain
407,C.Grenier,FRA,France
408,C.Gurpegui,ESP,Spain
409,C.Hernandez,COL,Colombia
410,C.Herrera,ESP,Spain
411,C.Ianson,ENG,England
412,C.Immobile,ITA,Italy
413,C.Isaac,ESP,Spain
414,C.Kameni,CMR,Cameroon
415,C.Larin,CAN,Canada
416,C.Ledesma,ARG,Argentina
417,C.Lell,GER,Germany
418,C.Lenglet,FRA,France
419,C.Lobato,ESP,Spain
420,C.M.Rodriguez,PAR,Paraguay
421,C.Mabwati,COD,Congo Democratic Republic
422,C.Marchena,ESP,Spain
423,C.Marica,ROU,Romania
424,C.Marquez,ESP,Spain
425,C.Martin,ESP,Spain
426,C.Martinez,ESP,Spain
427,C.Martins,PRT,Portugal
428,C.Medjani,ALG,Algeria
429,C.Montes,MEX,Mexico
430,C.Mosquera,COL,Colombia
431,C.Musonda,BEL,Belgium
432,C.Neva,ESP,Spain
433,C.Oliva,URY,Uruguay
434,C.Ozkacar,TUR,Turkey
435,C.Pantilimon,ROU,Romania
436,C.Pena,ESP,Spain
437,C.Perez,ESP,Spain
438,C.Piccini,ITA,Italy
439,C.Planas,ESP,Spain
440,C.Portilla,ESP,Spain
441,C.Puyol,ESP,Spain
442,C.R.Pulhac,ROU,Romania
443,C.Ramos,ESP,Spain
444,C.Riad,MAR,Morocco
445,C.Rivera,ESP,Spain
446,C.Rodriguez,URY,Uruguay
447,C.Romero,ESP,Spain
448,C.Ronaldo,PRT,Portugal
449,C.Sanchez,COL,Colombia
450,C.Sanchez ,ESP,Spain
451,C.Santos,VEN,Venezuela
452,C.Sapunaru,ROU,Romania
453,C.Selfa,ESP,Spain
454,C.Soler,ESP,Spain
455,C.Stuani,URY,Uruguay
456,C.Tello,ESP,Spain
457,C.Tomas,ESP,Spain
458,C.Took,CMR,Cameroon
459,C.Vela,MEX,Mexico
460,C.Vigaray,ESP,Spain
461,C.Wilk,POL,Poland
462,C.Zapata,COL,Colombia
463,Cala,ESP,Spain
464,Calderon,ESP,Spain
465,Camacho,ESP,Spain
466,Cani,ESP,Spain
467,Cardenas,ESP,Spain
468,Carlo,ESP,Spain
469,Carmelo,ESP,Spain
470,Carmona,ESP,Spain
471,Casado,ESP,Spain
472,Casemiro,BRA,Brazil
473,Casquero,ESP,Spain
474,Casto,ESP,Spain
475,Castro,PRT,Portugal
476,Catala,ESP,Spain
477,Catena,ESP,Spain
478,Cedrick,COD,Congo Democratic Republic
479,Cerra,ESP,Spain
480,Cesar,ESP,Spain
481,Chapela,ESP,Spain
482,Charles,BRA,Brazil
483,Chechu,ESP,Spain
484,Chema,ESP,Spain
485,Chicharito,MEX,Mexico
486,Chori Dominguez,ARG,Argentina
487,Christian,ESP,Spain
488,Chuca,ESP,Spain
489,Chuli,ESP,Spain
490,Chumi,ESP,Spain
491,Churripi,ESP,Spain
492,Cicinho,BRA,Brazil
493,Cifu,ESP,Spain
494,Cifuentes,ESP,Spain
495,Coke,ESP,Spain
496,Copete,ESP,Spain
497,Coro,ESP,Spain
498,Corona,ESP,Spain
499,Cote,ESP,Spain
500,Cristian,ESP,Spain
501,Cristo,ESP,Spain
502,Cucho,COL,Colombia
503,Curro,ESP,Spain
504,D.Abella,ESP,Spain
505,D.Abraham,ARG,Argentina
506,D.Alaba,AUT,Austria
507,D.Alba,ESP,Spain
508,D.Albelda,ESP,Spain
509,D.Alende,ESP,Spain
510,D.Alves,BRA,Brazil
511,D.Aouate,ISR,Israel
512,D.Aquino,ESP,Spain
513,D.Aranzubia,ESP,Spain
514,D.Barbosa,BRA,Brazil
515,D.Barral,ESP,Spain
516,D.Barrios,ESP,Spain
517,D.Benedetto,ARG,Argentina
518,D.Benitez,ESP,Spain
519,D.Benito,ESP,Spain
520,D.Benito Rey,ESP,Spain
521,D.Boateng,GHA,Ghana
522,D.Bonera,ITA,Italy
523,D.Boyko,UKR,Ukraine
524,D.Brasanac,SRB,Serbia
525,D.Buonanotte,ARG,Argentina
526,D.Calvo,ESP,Spain
527,D.Candeias,PRT,Portugal
528,D.Capel,ESP,Spain
529,D.Cardenas,ESP,Spain
530,D.Carlos,BRA,Brazil
531,D.Carmona,ESP,Spain
532,D.Carrico,PRT,Portugal
533,D.Carvajal,ESP,Spain
534,D.Castellano,ESP,Spain
535,D.Castro,ESP,Spain
536,D.Ceballos,ESP,Spain
537,D.Cheryshev,RUS,Russia
538,D.Cisma,ESP,Spain
539,D.Cobeno,ESP,Spain
540,D.Collado,ESP,Spain
541,D.Colotto,ARG,Argentina
542,D.Concha,ESP,Spain
543,D.Conde,ESP,Spain
544,D.Cop,CRO,Croatia
545,D.Cortes,ESP,Spain
546,D.Costa,ESP,Spain
547,D.Costas,ESP,Spain
548,D.Dakonam,TGO,Togo
549,D.de Gea,ESP,Spain
550,D.Digard,FRA,France
551,D.Drazic,SRB,Serbia
552,D.Duarte,PRT,Portugal
553,D.Dudka,POL,Poland
554,D.E.Ayensa,GER,Germany
555,D.Eckert,GER,Germany
556,D.Escriche,ESP,Spain
557,D.Estrada,ESP,Spain
558,D.Ferreiro,ESP,Spain
559,D.Figueiras,PRT,Portugal
560,D.Forlan,URY,Uruguay
561,D.Foulquier,FRA,France
562,D.Garcia,ESP,Spain
563,D.Generelo,ESP,Spain
564,D.Gil,ESP,Spain
565,D.Gimenez,ESP,Spain
566,D.Godin,URY,Uruguay
567,D.Goldar,ESP,Spain
568,D.Gomez,ESP,Spain
569,D.Gonzalez,ESP,Spain
570,D.Greif,SVK,Slovakia
571,D.Guiza,ESP,Spain
572,D.Guiza,ESP,Spain
573,D.Hadzikadunic,BIH,Bosnia and Herzegovina
574,D.Hernandez,VEN,Venezuela
575,D.Hormigo,ESP,Spain
576,D.Ifran,URY,Uruguay
577,D.Iturralde,ESP,Spain
578,D.Junca,ESP,Spain
579,D.Kadzior,POL,Poland
580,D.Lainez,MEX,Mexico
581,D.Larsson,SWE,Sweden
582,D.Lekic,SRB,Serbia
583,D.Llorente,ESP,Spain
584,D.Lomban,ESP,Spain
585,D.Lopez,ESP,Spain
586,D.Lugano,URY,Uruguay
587,D.Luiz,BRA,Brazil
588,D.Machis,VEN,Venezuela
589,D.Mainz,ESP,Spain
590,D.Marino,ESP,Spain
591,D.Martin,ESP,Spain
592,D.Mateos,ESP,Spain
593,D.Mendez,ESP,Spain
594,D.Molina,ESP,Spain
595,D.Molina Orta,ESP,Spain
596,D.Moreno,ESP,Spain
597,D.Musto,ARG,Argentina
598,D.Navarro,ESP,Spain
599,D.Ndi,CMR,Cameroon
600,D.Nieto,ESP,Spain
601,D.Ojeda,ESP,Spain
602,D.Osvaldo,ITA,Italy
603,D.Pabon,COL,Colombia
604,D.Pacheco,ESP,Spain
605,D.Parejo,ESP,Spain
606,D.Perotti,ARG,Argentina
607,D.Perquis,POL,Poland
608,D.Pinillos,ESP,Spain
609,D.Plomer,ESP,Spain
610,D.Poveda,ESP,Spain
611,D.Pranji,CRO,Croatia
612,D.Pranjic,CRO,Croatia
613,D.Quina,PRT,Portugal
614,D.Raba,ESP,Spain
615,D.Reyes,MEX,Mexico
616,D.Rico,ESP,Spain
617,D.Rivas,ESP,Spain
618,D.Rochela,ESP,Spain
619,D.Rodriguez,ESP,Spain
620,D.Roef,BEL,Belgium
621,D.Rolan,URY,Uruguay
622,D.Romera,ESP,Spain
623,D.Salomao,PRT,Portugal
624,D.Seoane,ESP,Spain
625,D.Silva,ESP,Spain
626,D.Simon,ESP,Spain
627,D.Siovas,GRE,Greece
628,D.Soria,ESP,Spain
629,D.Sotres,ESP,Spain
630,D.Sousa,PRT,Portugal
631,D.Suarez,ESP,Spain
632,D.Suarez ,URY,Uruguay
633,D.Timor,ESP,Spain
634,D.Torres,COL,Colombia
635,D.Torres ,ESP,Spain
636,D.Tosic,SRB,Serbia
637,D.Trezeguet,FRA,France
638,D.Valeri,ARG,Argentina
639,D.Vavro,SVK,Slovakia
640,D.Verde,ITA,Italy
641,D.Vila,ESP,Spain
642,D.Villa,ESP,Spain
643,D.Villahermosa,ESP,Spain
644,D.Vivian,ESP,Spain
645,D.Wass,DEN,Denmark
646,D.Zokora,CIV,Ivory Coast
647,D.Zurutuza,ESP,Spain
648,Damia,ESP,Spain
649,Danilo,BRA,Brazil
650,Deivid,ESP,Spain
651,Deyverson,BRA,Brazil
652,Diego,BRA,Brazil
653,Dioni,ESP,Spain
654,Doria,BRA,Brazil
655,Douglas,BRA,Brazil
656,Duda,PRT,Portugal
657,E.Abidal,FRA,France
658,E.Adebayor,TGO,Togo
659,E.Albacar,ESP,Spain
660,E.Amagat,ESP,Spain
661,E.Apeh,NGA,Nigeria
662,E.Armenteros,ARG,Argentina
663,E.Avila,ARG,Argentina
664,E.Badia,ESP,Spain
665,E.Bailly,CIV,Ivory Coast
666,E.Banega,ARG,Argentina
667,E.Bardhi,MKD,North Macedonia
668,E.Bedia,ESP,Spain
669,E.Belozoglu,TUR,Turkey
670,E.Boateng,GHA,Ghana
671,E.Boveda,ESP,Spain
672,E.Buendia,ARG,Argentina
673,E.Burgos,ARG,Argentina
674,E.Cabaco,URY,Uruguay
675,E.Caballer,ESP,Spain
676,E.Calvente,ESP,Spain
677,E.Camavinga,FRA,France
678,E.Campabadal,ESP,Spain
679,E.Capilla,ESP,Spain
680,E.Capoue,FRA,France
681,E.Cavani,URY,Uruguay
682,E.Cecchini,ARG,Argentina
683,E.Colak,TUR,Turkey
684,E.Comert,SUI,Switzerland
685,E.Corrales,ESP,Spain
686,E.Culio,ARG,Argentina
687,E.De Lucas,ESP,Spain
688,E.Demirovic,BIH,Bosnia and Herzegovina
689,E.Echiejile,NGA,Nigeria
690,E.Exposito,ESP,Spain
691,E.Fabiano,BRA,Brazil
692,E.Falcon,ESP,Spain
693,E.Filipenko,BLR,Belarus
694,E.Fraga,BRA,Brazil
695,E.Franquesa,ESP,Spain
696,E.Galan,ESP,Spain
697,E.Gallego,ESP,Spain
698,E.Garay,ARG,Argentina
699,E.Garcia,ESP,Spain
700,E.Gonzalez,ESP,Spain
701,E.Granero,ESP,Spain
702,E.Hazard,BEL,Belgium
703,E.Insua,ARG,Argentina
704,E.Israfilov,AZE,Azerbaijan
705,E.Juarez,MEX,Mexico
706,E.Lamela,ARG,Argentina
707,E.Lopez,ESP,Spain
708,E.Mangala,FRA,France
709,E.Maresca,ITA,Italy
710,E.Martinez,ARG,Argentina
711,E.Mendez,ESP,Spain
712,E.Mendia,ESP,Spain
713,E.Militao,BRA,Brazil
714,E.Mor,TUR,Turkey
715,E.Moran,ESP,Spain
716,E.Munoz,ARG,Argentina
717,E.Nsue,GNQ,Equatorial Guinea
718,E.Oriol,ESP,Spain
719,E.Pedrola,ESP,Spain
720,E.Perez,ARG,Argentina
721,E.Ponce,ARG,Argentina
722,E.Ramos,ESP,Spain
723,E.Ratinho,BRA,Brazil
724,E.Rescaldani,ARG,Argentina
725,E.Rigoni,ARG,Argentina
726,E.Riviere,FRA,France
727,E.Roco,CHL,Chile
728,E.Rolon,ARG,Argentina
729,E.Royal,BRA,Brazil
730,E.Saborit,ESP,Spain
731,E.Salvio,ARG,Argentina
732,E.Satrustegui,ESP,Spain
733,E.Saveljich,MNE,Montenegro
734,E.Sevikyan,ARM,Armenia
735,E.Silvestre,AZE,Azerbaijan
736,E.Sola,ESP,Spain
737,E.Spahic,BIH,Bosnia and Herzegovina
738,E.Unal,TUR,Turkey
739,E.Valderrama,ESP,Spain
740,E.Vargas,CHL,Chile
741,E.Velazquez,URY,Uruguay
742,E.Vilarchao,ESP,Spain
743,E.Zidane,ESP,Spain
744,E.Zubikarai,ESP,Spain
745,Echaide,ESP,Spain
746,Edimar,BRA,Brazil
747,Edinho,PRT,Portugal
748,Edmilson,BRA,Brazil
749,Ekiza,ESP,Spain
750,El Bilal Toure,MLI,Mali
751,Elias,BRA,Brazil
752,Eliseu,PRT,Portugal
753,Emerson,BRA,Brazil
754,Emre,TUR,Turkey
755,Entrene,ESP,Spain
756,Estanis,ESP,Spain
757,Esteban,ESP,Spain
758,Evaldo,BRA,Brazil
759,Ezequiel,ESP,Spain
760,F. Beltran,ESP,Spain
761,F. Bradaric,CRO,Croatia
762,F. Coquelin,FRA,France
763,F. Corominas,ESP,Spain
764,F. Delgado,ESP,Spain
765,F. Ferreira,PRT,Portugal
766,F. Gamez,ESP,Spain
767,F. Garcia,ESP,Spain
768,F. Guerrero,ESP,Spain
769,F. Jorgensen,DEN,Denmark
770,F. Malbasic,SRB,Serbia
771,F. Manzanara,ESP,Spain
772,F. Merida,ESP,Spain
773,F. Molinero,ESP,Spain
774,F. Montero,ESP,Spain
775,F. Perez,ESP,Spain
776,F. PRTtillo,ESP,Spain
777,F. Punal,ESP,Spain
778,F. Rico,ESP,Spain
779,F. Serrano,ESP,Spain
780,F. Silva,CHL,Chile
781,F. Sol,ESP,Spain
782,F. Torres,ESP,Spain
783,F. Trincao,PRT,Portugal
784,F. Uzoho,NGA,Nigeria
785,F. Varela,ESP,Spain
786,F. Velez,ESP,Spain
787,F. Villalba,ESP,Spain
788,F.Al Muwallad,KSA,Saudi Arabia
789,F.Amorebieta,VEN,Venezuela
790,F.Andone,ROU,Romania
791,F.Angileri,ARG,Argentina
792,F.Anguissa,CMR,Cameroon
793,F.Arnau,ESP,Spain
794,F.Augusto,BRA,Brazil
795,F.Barba,ITA,Italy
796,F.Beltran,ESP,Spain
797,F.Bradaric,CRO,Croatia
798,F.Caicedo,ECU,Ecuador
799,F.Calero,ESP,Spain
800,F.Cartabia,ARG,Argentina
801,F.Cavenaghi,ARG,Argentina
802,F.Cervi,ARG,Argentina
803,F.Coentrao,PRT,Portugal
804,F.Coquelin,FRA,France
805,F.De Jong,NLD,Netherlands
806,F.Delgado,ESP,Spain
807,F.Di Santo,ARG,Argentina
808,F.Di Santo,ARG,Argentina
809,F.Espinho,PRT,Portugal
810,F.Fajr,MAR,Morocco
811,F.Fazio,ARG,Argentina
812,F.Fernandez,ARG,Argentina
813,F.Ferreira,PRT,Portugal
814,F.Ferreyra,ARG,Argentina
815,F.Fragapane,ARG,Argentina
816,F.Gago,ARG,Argentina
817,F.Gamez,ESP,Spain
818,F.Garcia,ESP,Spain
819,F.Garreta,ESP,Spain
820,F.Gonzalez,ESP,Spain
821,F.Guerrero,ESP,Spain
822,F.Gutierrez,CHL,Chile
823,F.Hinestroza,COL,Colombia
824,F.Jara,ARG,Argentina
825,F.Jorgensen,SWE,Sweden
826,F.Jutgla,ESP,Spain
827,F.Kadir,ALG,Algeria
828,F.Kanoute,MLI,Mali
829,F.Kessie,CIV,Ivory Coast
830,F.Lejeune,FRA,France
831,F.Llorente,ESP,Spain
832,F.Luis,BRA,Brazil
833,F.Luis ,PRT,Portugal
834,F.Malbasic,SRB,Serbia
835,F.Manzanara,ESP,Spain
836,F.Martinez,ZMB,Zambia
837,F.Mattioni,BRA,Brazil
838,F.Medrano,ESP,Spain
839,F.Meira,PRT,Portugal
840,F.Mendy,FRA,France
841,F.Mendy ,GNB,Guinea-Bissau
842,F.Merida,ESP,Spain
843,F.Molinero,ESP,Spain
844,F.Mwepu,ZMB,Zambia
845,F.Navarro,ESP,Spain
846,F.Nino,ESP,Spain
847,F.Olinga,CMR,Cameroon
848,F.Orellana,CHL,Chile
849,F.Pacheco,ESP,Spain
850,F.Pellistri,URY,Uruguay
851,F.Perez,ESP,Spain
852,F.Piovaccari,ITA,Italy
853,F.Portillo,ESP,Spain
854,F.Poulolo,MTQ,Martinique
855,F.Punal,ESP,Spain
856,F.Regis,ESP,Spain
857,F.Ricca,URY,Uruguay
858,F.Rico,ESP,Spain
859,F.Roncaglia,ARG,Argentina
860,F.Rossi,ITA,Italy
861,F.Ruiz,ESP,Spain
862,F.Russo,ARG,Argentina
863,F.San Emeterio,ESP,Spain
864,F.Schar,SUI,Switzerland
865,F.Serrano,ESP,Spain
866,F.Silva,CHL,Chile
867,F.Sinama,FRA,France
868,F.Smolov,RUS,Russia
869,F.Sol,ESP,Spain
870,F.Soriano,ESP,Spain
871,F.Tabanou,FRA,France
872,F.Tienza,ESP,Spain
873,F.Tissone,ARG,Argentina
874,F.Torres,ESP,Spain
875,F.Uzoho,NGA,Nigeria
876,F.Valverde,URY,Uruguay
877,F.Varela,ESP,Spain
878,F.Vargas,COL,Colombia
879,F.Vazquez,ARG,Argentina
880,F.Velez,ESP,Spain
881,F.Vico,ESP,Spain
882,F.Villalba,ESP,Spain
883,F.Zambo Anguissa,CMR,Cameroon
884,F.Zuculini,ARG,Argentina
885,Fabinho,BRA,Brazil
886,Fabri,ESP,Spain
887,Fabricio,ESP,Spain
888,Fali,ESP,Spain
889,Farinos,ESP,Spain
890,Felipe,BRA,Brazil
891,Fernando,ESP,Spain
892,Fernando ,BRA,Brazil
893,Ferro,PRT,Portugal
894,Fidel,ESP,Spain
895,Florentino,PRT,Portugal
896,Francis,ESP,Spain
897,Fuentes,ESP,Spain
898,G.Alvarez,URY,Uruguay
899,G.Arana,BRA,Brazil
900,G.Arlauskis,LTU,Lithuania
901,G.Arnolin,MTQ,Martinique
902,G.Bale,WAL,Wales
903,G.Bordas,ESP,Spain
904,G.Cabral,ARG,Argentina
905,G.Carrillo,ARG,Argentina
906,G.Castellani,ARG,Argentina
907,G.Castro,URY,Uruguay
908,G.Causic,SRB,Serbia
909,G.Colsa,ESP,Spain
910,G.Deulofeu,ESP,Spain
911,G.Dias,PRT,Portugal
912,G.Dos Santos,MEX,Mexico
913,G.Elustondo,ESP,Spain
914,G.Escalante,ARG,Argentina
915,G.Fernandez,URY,Uruguay
916,G.Garcia,COL,Colombia
917,G.Gonzalez,URY,Uruguay
918,G.Guedes,PRT,Portugal
919,G.Gumbau,ESP,Spain
920,G.Guruzeta,ESP,Spain
921,G.Higuain,ARG,Argentina
922,G.Imbula,COD,Congo Democratic Republic
923,G.Iraizoz,ESP,Spain
924,G.Kakuta,COD,Congo Democratic Republic
925,G.Kochorashvili,GEO,Georgia
926,G.Kondogbia,CTA,Central African Republic
927,G.Krychowiak,POL,Poland
928,G.Larrazabal,ESP,Spain
929,G.Larrea,ESP,Spain
930,G.Lo Celso,ARG,Argentina
931,G.Loovens,NLD,Netherlands
932,G.Lux,ARG,Argentina
933,G.Mamardashvili,GEO,Georgia
934,G.Maripan,CHL,Chile
935,G.Martins,PRT,Portugal
936,G.Medel,CHL,Chile
937,G.Melero,ESP,Spain
938,G.Mendez,ESP,Spain
939,G.Mercado,ARG,Argentina
940,G.Milito,ARG,Argentina
941,G.Molina,ESP,Spain
942,G.Molins,SWE,Sweden
943,G.Montiel,ARG,Argentina
944,G.Moreno,ESP,Spain
945,G.Munua,URY,Uruguay
946,G.Ndaw,SEN,Senegal
947,G.Ochoa,MEX,Mexico
948,G.Paciencia,PRT,Portugal
949,G.Panadero,ESP,Spain
950,G.Parreno,ESP,Spain
951,G.Paulista,BRA,Brazil
952,G.Pazzini,ITA,Italy
953,G.Penalba,ARG,Argentina
954,G.Pereira,ESP,Spain
955,G.Pezzella,ARG,Argentina
956,G.Pique,ESP,Spain
957,G.Pires,BRA,Brazil
958,G.Pizarro,ARG,Argentina
959,G.Plata,ECU,Ecuador
960,G.Rodrigues,CPV,Cabo Verde
961,G.Rodriguez,ARG,Argentina
962,G.Roman,ESP,Spain
963,G.Rossi,ITA,Italy
964,G.Rulli,ARG,Argentina
965,G.Sanchez,ESP,Spain
966,G.Sangoy,ARG,Argentina
967,G.Sara,ARG,Argentina
968,G.Shibasaki,JPN,Japan
969,G.Silva,URY,Uruguay
970,G.Silva ,BRA,Brazil
971,G.Simeone,ARG,Argentina
972,G.Siqueira,BRA,Brazil
973,G.Toquero,ESP,Spain
974,G.Torje,ROU,Romania
975,G.Valentin,ESP,Spain
976,G.Valera,ESP,Spain
977,G.Veiga,ESP,Spain
978,G.Verdu,ESP,Spain
979,G.Villar,ESP,Spain
980,G.Zuiverloon,NLD,Netherlands
981,Gabi,ESP,Spain
982,Gabriel,BRA,Brazil
983,Ganso,BRA,Brazil
984,Gavi,ESP,Spain
985,Geromel,BRA,Brazil
986,Gonzalo,ESP,Spain
987,Gori,ESP,Spain
988,Guilherme,BRA,Brazil
989,Guillermo,ESP,Spain
990,Gurpegi,ESP,Spain
991,H.Almeida,BRA,Brazil
992,H.Altintop,TUR,Turkey
993,H.Alvarez,ESP,Spain
994,H.Barbosa,PRT,Portugal
995,H.Barmettler,DOM,Dominican Republic
996,H.Bellerin,ESP,Spain
997,H.Ben Arfa,FRA,France
998,H.Bienvenu,CMR,Cameroon
999,H.Costa,ANG,Angola
1000,H.D.Bernardello,ARG,Argentina
1001,H.Duro,ESP,Spain
1002,H.Fortes,PRT,Portugal
1003,H.Fraile,ESP,Spain
1004,H.Goitom,ERI,Eritrea
1005,H.Guillamon,ESP,Spain
1006,H.Hassan,FRA,France
1007,H.Hernandez,ESP,Spain
1008,H.Herrera,MEX,Mexico
1009,H.Ibusuki,JPN,Japan
1010,H.Khaloua,MAR,Morocco
1011,H.Kiyotake,JPN,Japan
1012,H.Lopes,PRT,Portugal
1013,H.Maduro,NLD,Netherlands
1014,H.Mallo,ESP,Spain
1015,H.Martinez,CHL,Chile
1016,H.Mastour,MAR,Morocco
1017,H.Medunjanin,BIH,Bosnia and Herzegovina
1018,H.Mendes,GNB,Guinea-Bissau
1019,H.Moreno,MEX,Mexico
1020,H.Osorio,COL,Colombia
1021,H.Palacios,COL,Colombia
1022,H.Pellerano,ARG,Argentina
1023,H.Perez,PAR,Paraguay
1024,H.Postiga,PRT,Portugal
1025,H.Ramos,CPV,Cabo Verde
1026,H.Rodas,ESP,Spain
1027,H.Rosario,PRT,Portugal
1028,H.Seferovic,SUI,Switzerland
1029,H.Sereno,PRT,Portugal
1030,H.Sotelo,ESP,Spain
1031,H.Toledo,ARG,Argentina
1032,H.Westermann,GER,Germany
1033,H.Yebda,ALG,Algeria
1034,H.Yuste,ESP,Spain
1035,Hacen,MTN,Mauritania
1036,Hector,ESP,Spain
1037,Heinz,DOM,Dominican Republic
1038,Heldon,CPV,Cabo Verde
1039,Henrique,BRA,Brazil
1040,Hernan,ESP,Spain
1041,Hernani,PRT,Portugal
1042,I.Afellay,NLD,Netherlands
1043,I.Agirretxe,ESP,Spain
1044,I.Akhomach,MAR,Morocco
1045,I.Alejo,ESP,Spain
1046,I.Alonso,URY,Uruguay
1047,I.Amadou,FRA,France
1048,I.Ansotegi,ESP,Spain
1049,I.Aspas,ESP,Spain
1050,I.Baba,GHA,Ghana
1051,I.Balde,SEN,Senegal
1052,I.Balliu,ALB,Albania
1053,I.Barrenetxea,ESP,Spain
1054,I.Benito,ESP,Spain
1055,I.Bolado,GNQ,Equatorial Guinea
1056,I.Bouzon,ESP,Spain
1057,I.Camacho,ESP,Spain
1058,I.Carcelen,ESP,Spain
1059,I.Casillas,ESP,Spain
1060,I.Cavaleiro,PRT,Portugal
1061,I.Chapela,ESP,Spain
1062,I.Cordoba,ESP,Spain
1063,I.Corral,ESP,Spain
1064,I.Cuellar,ESP,Spain
1065,I.Cuenca,ESP,Spain
1066,I.De la Pena,ESP,Spain
1067,I.Diaz de Cerio,ESP,Spain
1068,I.Doumbia,CIV,Ivory Coast
1069,I.Dragutinovic,SRB,Serbia
1070,I.Echaide,ESP,Spain
1071,I.Eguaras,ESP,Spain
1072,I.El Adoua,MAR,Morocco
1073,I.Ezekiel,NGA,Nigeria
1074,I.Falque,ESP,Spain
1075,I.Fresneda,ESP,Spain
1076,I.Gabilondo,ESP,Spain
1077,I.Garcia,ESP,Spain
1078,I.Goitia,ESP,Spain
1079,I.Gomez,ESP,Spain
1080,I.Gonzalez,ESP,Spain
1081,I.Grbic,CRO,Croatia
1082,I.Gutierrez,ESP,Spain
1083,I.H.Ezquerro,ESP,Spain
1084,I.Hajrovic,BIH,Bosnia and Herzegovina
1085,I.Hernandez,ESP,Spain
1086,I.Herrerin,ESP,Spain
1087,I.Kelava,CRO,Croatia
1088,I.Koybasi,TUR,Turkey
1089,I.Lekue,ESP,Spain
1090,I.Lichnovsky,CHL,Chile
1091,I.Lopez,ESP,Spain
1092,I.Losada,ESP,Spain
1093,I.Marcano,ESP,Spain
1094,I.Marcone,ARG,Argentina
1095,I.Marquez,ESP,Spain
1096,I.Martin,ESP,Spain
1097,I.Martinez,ESP,Spain
1098,I.Miquel,ESP,Spain
1099,I.Moriba,GUI,Guinea
1100,I.Muniain,ESP,Spain
1101,I.Munoz,ESP,Spain
1102,I.Obradovic,SRB,Serbia
1103,I.Palazon,ESP,Spain
1104,I.Pena,ESP,Spain
1105,I.Perez,ESP,Spain
1106,I.Puerto,ESP,Spain
1107,I.Rakitic,CRO,Croatia
1108,I.Ramis,ESP,Spain
1109,I.Rodriguez,ESP,Spain
1110,I.Romero,ESP,Spain
1111,I.Ruiz,ESP,Spain
1112,I.Ruiz De Galarreta,ESP,Spain
1113,I.Sanchez,ESP,Spain
1114,I.Saponjic,SRB,Serbia
1115,I.Sarriegi,ESP,Spain
1116,I.Sarriegui,ESP,Spain
1117,I.Success,NGA,Nigeria
1118,I.Uche,NGA,Nigeria
1119,I.Velez,ESP,Spain
1120,I.Vicente,ESP,Spain
1121,I.Villar,ESP,Spain
1122,I.Williams,GHA,Ghana
1123,I.Zubeldia,ESP,Spain
1124,Iborra,ESP,Spain
1125,Iglesias,ESP,Spain
1126,Iriney,BRA,Brazil
1127,Isaias,ESP,Spain
1128,Isco,ESP,Spain
1129,Isidoro,ESP,Spain
1130,Ismael,ESP,Spain
1131,Ivi,ESP,Spain
1132,J.A.Albin,URY,Uruguay
1133,J.A.Carmona,ESP,Spain
1134,J.A.Caro,ESP,Spain
1135,J.A.de la Rosa,ESP,Spain
1136,J.A.Neira,ARG,Argentina
1137,J.A.Picon,ESP,Spain
1138,J.A.Reyes,ESP,Spain
1139,J.Acuna,PAR,Paraguay
1140,J.Agirrezabala,ESP,Spain
1141,J.Aguilera,ESP,Spain
1142,J.Aidoo,GHA,Ghana
1143,J.Alamo,ESP,Spain
1144,J.Alba,ESP,Spain
1145,J.Alonso,PAR,Paraguay
1146,J.Alonso ,ESP,Spain
1147,J.Altidore,USA,United States of America
1148,J.Amat,IDN,Indonesia
1149,J.Amavi,FRA,France
1150,J.Ander Garrido,ESP,Spain
1151,J.Angel,ESP,Spain
1152,J.Antonio,ESP,Spain
1153,J.Aquino,MEX,Mexico
1154,J.Areso,ESP,Spain
1155,J.Arizmendi,ESP,Spain
1156,J.Arnaiz,ESP,Spain
1157,J.Aurtenetxe,ESP,Spain
1158,J.Aviles,ESP,Spain
1159,J.Baptista,BRA,Brazil
1160,J.Baraja,ESP,Spain
1161,J.Barkero,ESP,Spain
1162,J.Bautista,ESP,Spain
1163,J.Bernat,ESP,Spain
1164,J.Bijimine,COD,Congo Democratic Republic
1165,J.Boga,CIV,Ivory Coast
1166,J.Brandariz,ESP,Spain
1167,J.Brunet,ARG,Argentina
1168,J.C.Fernandez,ESP,Spain
1169,J.C.Lazo,ESP,Spain
1170,J.C.Mendez,ESP,Spain
1171,J.C.Ramirez,ESP,Spain
1172,J.C.Real,ESP,Spain
1173,J.C.Sanchez,ESP,Spain
1174,J.C.Silva Rocha,BRA,Brazil
1175,J.C.Todibo,FRA,France
1176,J.C.Valeron,ESP,Spain
1177,J.Cala,ESP,Spain
1178,J.Calatayud,ESP,Spain
1179,J.Calavera,ESP,Spain
1180,J.Calderon,ESP,Spain
1181,J.Calleja,ESP,Spain
1182,J.Callejon,ESP,Spain
1183,J.Calleri,ARG,Argentina
1184,J.Camacho,ESP,Spain
1185,J.Campana,ESP,Spain
1186,J.Campbell,CRC,Costa Rica
1187,J.Camunas,ESP,Spain
1188,J.Canas,ESP,Spain
1189,J.Cancelo,PRT,Portugal
1190,J.Capdevila,ESP,Spain
1191,J.Carlos,ESP,Spain
1192,J.Carreras,ESP,Spain
1193,J.Casado,ESP,Spain
1194,J.Casquero,ESP,Spain
1195,J.Castellano,ESP,Spain
1196,J.Castro,ESP,Spain
1197,J.Catala,ESP,Spain
1198,J.Cesar,BRA,Brazil
1199,J.Chica,ESP,Spain
1200,J.Cillessen,NLD,Netherlands
1201,J.Codina,ESP,Spain
1202,J.Cordoba,COL,Colombia
1203,J.Corona,MEX,Mexico
1204,J.Correa,ARG,Argentina
1205,J.Costa,ESP,Spain
1206,J.Crespo,ESP,Spain
1207,J.Cruz,ESP,Spain
1208,J.Cuenca,ESP,Spain
1209,J.Cuesta,ESP,Spain
1210,J.Datolo,ARG,Argentina
1211,J.de Frutos,ESP,Spain
1212,J.de Guzman,NLD,Netherlands
1213,J.Diaz,ESP,Spain
1214,J.Domenech,ESP,Spain
1215,J.Dominguez,ESP,Spain
1216,J.Donald,ESP,Spain
1217,J.dos Santos,MEX,Mexico
1218,J.Dudek,POL,Poland
1219,J.E.Culio,ARG,Argentina
1220,J.El Yamiq,MAR,Morocco
1221,J.Entrena,ESP,Spain
1222,J.Entrena,ESP,Spain
1223,J.Eraso,ESP,Spain
1224,J.Errasti,ESP,Spain
1225,J.Escude,FRA,France
1226,J.Espinosa,ESP,Spain
1227,J.Ezkieta,ESP,Spain
1228,J.Farinos,ESP,Spain
1229,J.Felix,PRT,Portugal
1230,J.Fernandez,ESP,Spain
1231,J.Figueras,ESP,Spain
1232,J.Firpo,ESP,Spain
1233,J.Flano,ESP,Spain
1234,J.Flores,ESP,Spain
1235,J.Fontan,ESP,Spain
1236,J.Forlin,ARG,Argentina
1237,J.Foyth,ARG,Argentina
1238,J.Fuego,ESP,Spain
1239,J.Galan,ESP,Spain
1240,J.Gamez,ESP,Spain
1241,J.Garcia,ESP,Spain
1242,J.Garrido,ESP,Spain
1243,J.Gavilan,ESP,Spain
1244,J.Gaya,ESP,Spain
1245,J.Gaztanaga,ESP,Spain
1246,J.Geis,GER,Germany
1247,J.Gimenez,URY,Uruguay
1248,J.Gnagnon,FRA,France
1249,J.Gomez,ESP,Spain
1250,J.Gonzalez,ESP,Spain
1251,J.Gracia,ESP,Spain
1252,J.Gragera,ESP,Spain
1253,J.Grau,ESP,Spain
1254,J.Guerra,ESP,Spain
1255,J.Guidetti,SWE,Sweden
1256,J.Guilavogui,FRA,France
1257,J.Guridi,ESP,Spain
1258,J.Gutierrez,ARG,Argentina
1259,J.Hernandez,ESP,Spain
1260,J.Hernandez ,MEX,Mexico
1261,J.Herrando,ESP,Spain
1262,J.Hervas,ESP,Spain
1263,J.Higon,ESP,Spain
1264,J.Holsgrove,SCO,Scotland
1265,J.Iglesias,ESP,Spain
1266,J.Isidoro,ESP,Spain
1267,J.Isuardi,ESP,Spain
1268,J.Izquierdo,ESP,Spain
1269,J.J.Macias,MEX,Mexico
1270,J.Jankto,CZE,Czech Republic
1271,J.Jarosik,CZE,Czech Republic
1272,J.Jimenez,ESP,Spain
1273,J.Joe,IRL,Ireland
1274,J.Jonsson,DEN,Denmark
1275,J.Jordan,ESP,Spain
1276,J.Jurado,ESP,Spain
1277,J.Karrikaburu,ESP,Spain
1278,J.Kluivert,NLD,Netherlands
1279,J.Kounde,FRA,France
1280,J.L.Morales,ESP,Spain
1281,J.L.Rodriguez,PAN,Panama
1282,J.Lara,ESP,Spain
1283,J.Larrivey,ARG,Argentina
1284,J.Latasa,ESP,Spain
1285,J.Ledesma,ARG,Argentina
1286,J.Lerma,COL,Colombia
1287,J.Llabres,ESP,Spain
1288,J.Llorente,ESP,Spain
1289,J.Lobete,ESP,Spain
1290,J.Lopez,ESP,Spain
1291,J.Loties,FRA,France
1292,J.Lucumi,COL,Colombia
1293,J.Luque,ESP,Spain
1294,J.M.Dongou,CMR,Cameroon
1295,J.Magunacelaya,ESP,Spain
1296,J.Magunazelaia,ESP,Spain
1297,J.Manquillo,ESP,Spain
1298,J.Manuel Jurado,ESP,Spain
1299,J.Mari Martin,ESP,Spain
1300,J.Maria Movilla,ESP,Spain
1301,J.Marquez,ESP,Spain
1302,J.Marti,ESP,Spain
1303,J.Martin,FRA,France
1304,J.Martinez,ESP,Spain
1305,J.Martinez ,COL,Colombia
1306,J.Mascherano,ARG,Argentina
1307,J.Masip,ESP,Spain
1308,J.Mata,ESP,Spain
1309,J.Mathieu,FRA,France
1310,J.Mathijsen,NLD,Netherlands
1311,J.Matilla,ESP,Spain
1312,J.Matos,ESP,Spain
1313,J.Mboula,ESP,Spain
1314,J.Mere,ESP,Spain
1315,J.Miramon,ESP,Spain
1316,J.Miranda,ESP,Spain
1317,J.Miranda ,GNQ,Equatorial Guinea
1318,J.Mojica,COL,Colombia
1319,J.Molina,ESP,Spain
1320,J.Moncayola,ESP,Spain
1321,J.Mondragon,COL,Colombia
1322,J.Monterde,ESP,Spain
1323,J.Montero,ECU,Ecuador
1324,J.Montiel,ESP,Spain
1325,J.Morcillo,ESP,Spain
1326,J.Morillas,ESP,Spain
1327,J.Moyano,ESP,Spain
1328,J.Muniz,ESP,Spain
1329,J.Munoz,ESP,Spain
1330,J.Murillo,COL,Colombia
1331,J.Naranjo,ESP,Spain
1332,J.Narvaez,COL,Colombia
1333,J.Navas,ESP,Spain
1334,J.Neira,ARG,Argentina
1335,J.Nekounam,IRN,Iran
1336,J.Noblejas,ESP,Spain
1337,J.Nunes,PRT,Portugal
1338,J.Nunez,PAR,Paraguay
1339,J.Oblak,SVN,Slovenia
1340,J.Olasagasti,ESP,Spain
1341,J.Ontiveros,ESP,Spain
1342,J.Oriol,ESP,Spain
1343,J.Orti,ESP,Spain
1344,J.Ortiz,ESP,Spain
1345,J.Otto,ESP,Spain
1346,J.Owono,GNQ,Equatorial Guinea
1347,J.Pablo,ESP,Spain
1348,J.Pacheco,ESP,Spain
1349,J.Paredes,ESP,Spain
1350,J.Pascual,ESP,Spain
1351,J.Pastore,ARG,Argentina
1352,J.Patrick,ESP,Spain
1353,J.Perbet,FRA,France
1354,J.Pereira,ESP,Spain
1355,J.Pereira ,PRT,Portugal
1356,J.Perez,ESP,Spain
1357,J.Picon,ESP,Spain
1358,J.Pinto,ESP,Spain
1359,J.Pombo,ESP,Spain
1360,J.Portillo,ESP,Spain
1361,J.Poves,ESP,Spain
1362,J.Pozo,ESP,Spain
1363,J.Puado,ESP,Spain
1364,J.Pulido,ESP,Spain
1365,J.Radosevic,CRO,Croatia
1366,J.Raitala,FIN,Finland
1367,J.Ramalho,ESP,Spain
1368,J.Robles,ESP,Spain
1369,J.Roca,ESP,Spain
1370,J.Rodriguez,ESP,Spain
1371,J.Rodriguez ,COL,Colombia
1372,J.Rodriguez  ,URY,Uruguay
1373,J.Roman,ESP,Spain
1374,J.Romero,ESP,Spain
1375,J.Ros,ESP,Spain
1376,J.Rueda,ESP,Spain
1377,J.S.Cruz Campos,CRO,Croatia
1378,J.Saenz,ESP,Spain
1379,J.Samperio,ESP,Spain
1380,J.Sanchez,ESP,Spain
1381,J.Sanchez Mino,ARG,Argentina
1382,J.Sand,ARG,Argentina
1383,J.Santiago,ESP,Spain
1384,J.Sarpong,NLD,Netherlands
1385,J.Sastre,ESP,Spain
1386,J.Saviola,ARG,Argentina
1387,J.Sene,ESP,Spain
1388,J.Seoane,ESP,Spain
1389,J.Serantes,ESP,Spain
1390,J.Serrano,ESP,Spain
1391,J.Sierra,ESP,Spain
1392,J.Silva,ARG,Argentina
1393,J.Soriano,ESP,Spain
1394,J.Sosa,ARG,Argentina
1395,J.Steven,COL,Colombia
1396,J.Strand Larsen,NOR,Norway
1397,J.Suarez,VEN,Venezuela
1398,J.Tomas,ESP,Spain
1399,J.Toral,ESP,Spain
1400,J.Toulalan,FRA,France
1401,J.Urretaviscaya,URY,Uruguay
1402,J.Valencia,ECU,Ecuador
1403,J.Valera,ESP,Spain
1404,J.Vallejo,ESP,Spain
1405,J.Varas,ESP,Spain
1406,J.Vargas,PER,Peru
1407,J.Vazquez,ESP,Spain
1408,J.Venta,ESP,Spain
1409,J.Verdu,ESP,Spain
1410,J.Victor,BRA,Brazil
1411,J.Viera,ESP,Spain
1412,J.Vila,ESP,Spain
1413,J.Villar,ESP,Spain
1414,J.Xumetra,ESP,Spain
1415,J.Zaldua,ESP,Spain
1416,J.Zongo,BFA,Burkina Faso
1417,Jacobo,ESP,Spain
1418,Jaime,ESP,Spain
1419,Jason,ESP,Spain
1420,Jean,MTQ,Martinique
1421,Jese,ESP,Spain
1422,Jesus,ESP,Spain
1423,Joanlu,ESP,Spain
1424,Joaquin,ESP,Spain
1425,Jofre,ESP,Spain
1426,Jona,ESP,Spain
1427,Jonas,BRA,Brazil
1428,Jonathas,BRA,Brazil
1429,Jony,ESP,Spain
1430,Jordi,ESP,Spain
1431,Josan,ESP,Spain
1432,Joselu,ESP,Spain
1433,Josema,ESP,Spain
1434,Josetxo,ESP,Spain
1435,Jota,ESP,Spain
1436,Jota ,PRT,Portugal
1437,Jozabed,ESP,Spain
1438,Juanfran,ESP,Spain
1439,Juanito,ESP,Spain
1440,Juankar,ESP,Spain
1441,Juanlu,ESP,Spain
1442,Juanma,ESP,Spain
1443,Juanmi,ESP,Spain
1444,Juanpe,ESP,Spain
1445,Juanpi,VEN,Venezuela
1446,Juanra,ESP,Spain
1447,Juca,BRA,Brazil
1448,Julian,ESP,Spain
1449,Jutgla,ESP,Spain
1450,K.Arrizabalaga,ESP,Spain
1451,K.Babacar,SEN,Senegal
1452,K.Bakircioglu,SWE,Sweden
1453,K.Bare,ALB,Albania
1454,K.Barja,ESP,Spain
1455,K.Benzema,FRA,France
1456,K.Casilla,ESP,Spain
1457,K.Dolberg,DEN,Denmark
1458,K.Femenia,ESP,Spain
1459,K.Fobi,GHA,Ghana
1460,K.Gameiro,FRA,France
1461,K.Garcia,ESP,Spain
1462,K.Hermoso,ESP,Spain
1463,K.Kodro,BIH,Bosnia and Herzegovina
1464,K.Koindredi,FRA,France
1465,K.Lacruz,ESP,Spain
1466,K.Martin,ESP,Spain
1467,K.Navas,CRC,Costa Rica
1468,K.Nwakali,NGA,Nigeria
1469,K.Olav Rindaroy,NOR,Norway
1470,K.Olivas,ESP,Spain
1471,K.Omeruo,NGA,Nigeria
1472,K.P.Boateng,GHA,Ghana
1473,K.Perez,ESP,Spain
1474,K.Rekik,NLD,Netherlands
1475,K.Rodrigues,PRT,Portugal
1476,K.Salas,ESP,Spain
1477,K.Sola,ESP,Spain
1478,K.Soni,CMR,Cameroon
1479,K.Stadsgaard,DEN,Denmark
1480,K.Toko-Ekambi,CMR,Cameroon
1481,K.Trippier,ENG,England
1482,K.Uche,NGA,Nigeria
1483,K.Vadocz,HUN,Hungary
1484,K.Vazquez,ESP,Spain
1485,K.Vegas,ESP,Spain
1486,K.Yoda,FRA,France
1487,K.Zalazar,ESP,Spain
1488,Kader,TUN,Tunisia
1489,Kaiky,BRA,Brazil
1490,Kaka,BRA,Brazil
1491,Keko,ESP,Spain
1492,Kenedy,BRA,Brazil
1493,Kennedy,SWE,Sweden
1494,Kepa,ESP,Spain
1495,Kevin,ESP,Spain
1496,Ki Sung,KOR,Sounth Korea
1497,Kike,ESP,Spain
1498,Kiu,KOR,Sounth Korea
1499,Koffi,GHA,Ghana
1500,Koikili,ESP,Spain
1501,Koke,ESP,Spain
1502,Kuki,ESP,Spain
1503,L.A.Perea,COL,Colombia
1504,L.Aalberto,ESP,Spain
1505,L.Abram,PER,Peru
1506,L.Acosta,ARG,Argentina
1507,L.Advincula,PER,Peru
1508,L.Agbenyenu,GHA,Ghana
1509,L.Alberto,ESP,Spain
1510,L.Augustinsson,SWE,Sweden
1511,L.Bade,FRA,France
1512,L.Bangoura,GUI,Guinea
1513,L.Baptistao,BRA,Brazil
1514,L.Blanco,ARG,Argentina
1515,L.Boye,ARG,Argentina
1516,L.Cabrera,URY,Uruguay
1517,L.Cadamuro,ALG,Algeria
1518,L.Carlos,ESP,Spain
1519,L.Carole,FRA,France
1520,L.Chichizola,ARG,Argentina
1521,L.Cigarini,ITA,Italy
1522,L.Cruz,ESP,Spain
1523,L.Damiao,BRA,Brazil
1524,L.De Jong,NLD,Netherlands
1525,L.de la Torre,USA,United States of America
1526,L.de Leon,URY,Uruguay
1527,L.Diarra,FRA,France
1528,L.Digne,FRA,France
1529,L.Dimata,BEL,Belgium
1530,L.E.Traore,CIV,Ivory Coast
1531,L.Fabiano,BRA,Brazil
1532,L.Farina,ARG,Argentina
1533,L.Fejsa,SRB,Serbia
1534,L.Felipe,ITA,Italy
1535,L.Franco,ARG,Argentina
1536,L.Galeano,ARG,Argentina
1537,L.Garai,ESP,Spain
1538,L.Garcia,ESP,Spain
1539,L.Henrique,BRA,Brazil
1540,L.Hernandez,FRA,France
1541,L.Hernandez ,ESP,Spain
1542,L.J.Suarez,COL,Colombia
1543,L.Jovic,SRB,Serbia
1544,L.Junior,CIV,Ivory Coast
1545,L.Koleosho,ITA,Italy
1546,L.Koutris,GRE,Greece
1547,L.Lopez,ESP,Spain
1548,L.Lopez ,ARG,Argentina
1549,L.Madinda,GAB,Gabon
1550,L.Magallan,ARG,Argentina
1551,L.Martins,PRT,Portugal
1552,L.Maximiano,PRT,Portugal
1553,L.Messi,ARG,Argentina
1554,L.Milla,ESP,Spain
1555,L.Modric,CRO,Croatia
1556,L.Moran,ESP,Spain
1557,L.Moron,ESP,Spain
1558,L.Munoz,ESP,Spain
1559,L.Muriel,COL,Colombia
1560,L.Ocampos,ARG,Argentina
1561,L.Olaza,URY,Uruguay
1562,L.Oliveira Rosa,BRA,Brazil
1563,L.Orban,ARG,Argentina
1564,L.Perea,ESP,Spain
1565,L.Perez,ESP,Spain
1566,L.Piazon,BRA,Brazil
1567,L.Pla,ESP,Spain
1568,L.Ponzio,ARG,Argentina
1569,L.Ramazani,BEL,Belgium
1570,L.Recasens,ESP,Spain
1571,L.Remy,FRA,France
1572,L.Reyes,CHL,Chile
1573,L.Rioja,ESP,Spain
1574,L.Robertone,ARG,Argentina
1575,L.Roman,ESP,Spain
1576,L.Romero,ARG,Argentina
1577,L.Rosa,BRA,Brazil
1578,L.Sangalli,ESP,Spain
1579,L.Sastre,ESP,Spain
1580,L.Silva,BRA,Brazil
1581,L.Suarez,URY,Uruguay
1582,L.Suarez ,ARG,Argentina
1583,L.Torreira,URY,Uruguay
1584,L.Torro,ESP,Spain
1585,L.Traore,CIV,Ivory Coast
1586,L.Ulloa,ARG,Argentina
1587,L.Vazquez,ESP,Spain
1588,L.Vietto,ARG,Argentina
1589,L.Vyntra,GRE,Greece
1590,L.Wilchez,ARG,Argentina
1591,L.Yamal,ESP,Spain
1592,L.Zidane,FRA,France
1593,Larra,ESP,Spain
1594,Lassad,FRA,France
1595,Laure,ESP,Spain
1596,Lauti,URY,Uruguay
1597,Lazaro,BRA,Brazil
1598,Lee Kang,KOR,Sounth Korea
1599,Lica,PRT,Portugal
1600,Lillo,ESP,Spain
1601,Lolo,ESP,Spain
1602,Losada,ESP,Spain
1603,Luciano,BRA,Brazil
1604,Luisinho,PRT,Portugal
1605,Luismi,ESP,Spain
1606,Luso,ESP,Spain
1607,M.A.Guerrero,ESP,Spain
1608,M.A.Moya,ESP,Spain
1609,M.A.Nieto,ESP,Spain
1610,M.A.ter Stegen,GER,Germany
1611,M.Abu,GHA,Ghana
1612,M.Acuna,ARG,Argentina
1613,M.Adu,ESP,Spain
1614,M.Agirregabiria,ESP,Spain
1615,M.Aguirregabiria,ESP,Spain
1616,M.Aguirregaray,URY,Uruguay
1617,M.Ali Cho,FRA,France
1618,M.Alonso,ESP,Spain
1619,M.Alvarez,ESP,Spain
1620,M.Andre,BRA,Brazil
1621,M.Andreolli,ITA,Italy
1622,M.Angel,ESP,Spain
1623,M.Angeleri,ARG,Argentina
1624,M.Arambarri,URY,Uruguay
1625,M.Arana,ESP,Spain
1626,M.Aranburu,ESP,Spain
1627,M.Areitio,ESP,Spain
1628,M.Arezo,URY,Uruguay
1629,M.Arques,ESP,Spain
1630,M.Arruabarrena,ESP,Spain
1631,M.Asensio,ESP,Spain
1632,M.Atienza,ESP,Spain
1633,M.Baeza,ESP,Spain
1634,M.Balenziaga,ESP,Spain
1635,M.Barbosa,ARG,Argentina
1636,M.Baro,ESP,Spain
1637,M.Bartra,ESP,Spain
1638,M.Batshuayi,BEL,Belgium
1639,M.Bergara,ESP,Spain
1640,M.Bermejo,ESP,Spain
1641,M.Bertran,ESP,Spain
1642,M.Bilic,CRO,Croatia
1643,M.Braithwaite,DEN,Denmark
1644,M.Brito,PRT,Portugal
1645,M.Bueno,ESP,Spain
1646,M.Caceres,URY,Uruguay
1647,M.Calderon,ESP,Spain
1648,M.Carcela,MAR,Morocco
1649,M.Cardona,ESP,Spain
1650,M.Cardoso,PRT,Portugal
1651,M.Ciani,FRA,France
1652,M.Contini,ITA,Italy
1653,M.Crespi,ESP,Spain
1654,M.Cucurella,ESP,Spain
1655,M.Cuero,COL,Colombia
1656,M.Cunha,BRA,Brazil
1657,M.Dabbur,ISR,Israel
1658,M.Dabo,FRA,France
1659,M.de la Fuente,ESP,Spain
1660,M.De las Cuevas,ESP,Spain
1661,M.del Moral,ESP,Spain
1662,M.Delgado,ESP,Spain
1663,M.Dembele,FRA,France
1664,M.Demichelis,ARG,Argentina
1665,M.Depay,NLD,Netherlands
1666,M.Diakhaby,GUI,Guinea
1667,M.Diakite,FRA,France
1668,M.Diarra,MLI,Mali
1669,M.Diaz,DOM,Dominican Republic
1670,M.Diaz ,CHL,Chile
1671,M.Dituro,ARG,Argentina
1672,M.Dmitrovic,SRB,Serbia
1673,M.Doherty,IRL,Ireland
1674,M.Dominguez,ESP,Spain
1675,M.Dos Santos,ARG,Argentina
1676,M.Dos Santos,ARG,Argentina
1677,M.El Hacen,MRT,Mauritania
1678,M.El Haddadi,MAR,Morocco
1679,M.El Hamdaoui,MAR,Morocco
1680,M.Essien,GHA,Ghana
1681,M.Fall,SEN,Senegal
1682,M.Fatau,GHA,Ghana
1683,M.Fedor,VEN,Venezuela
1684,M.Fernandes,BRA,Brazil
1685,M.Fernandez,ESP,Spain
1686,M.Flamini,FRA,France
1687,M.Flano,ESP,Spain
1688,M.Fritzler,ARG,Argentina
1689,M.Garcia,ESP,Spain
1690,M.Garcia ,ARG,Argentina
1691,M.Garrido,ESP,Spain
1692,M.Gaspar,ESP,Spain
1693,M.Gila,ESP,Spain
1694,M.Gomez,ESP,Spain
1695,M.Gomez ,URY,Uruguay
1696,M.Gonalons,FRA,France
1697,M.Gonzalez,ESP,Spain
1698,M.Gullon,ESP,Spain
1699,M.Gutierrez,ESP,Spain
1700,M.Havenaar,JPN,Japan
1701,M.Hermoso,ESP,Spain
1702,M.Hernandez,ESP,Spain
1703,M.Herrera,ESP,Spain
1704,M.Herrero,ESP,Spain
1705,M.Hongla,CMR,Cameroon
1706,M.Hoppe,USA,United States of America
1707,M.Hurtado,ESP,Spain
1708,M.Iturra,CHL,Chile
1709,M.Jakobsen,DEN,Denmark
1710,M.Jensen,DEN,Denmark
1711,M.Kone,CIV,Ivory Coast
1712,M.KovacIc,CRO,Croatia
1713,M.Koval,UKR,Ukraine
1714,M.Kranevitter,ARG,Argentina
1715,M.Krohn,DEN,Denmark
1716,M.Krohn-Dehli,DEN,Denmark
1717,M.Labaka,ESP,Spain
1718,M.Lacen,ALG,Algeria
1719,M.Landeira,ESP,Spain
1720,M.Lanzaro,ITA,Italy
1721,M.Lanzarote,ESP,Spain
1722,M.Layun,MEX,Mexico
1723,M.Lemos,URY,Uruguay
1724,M.Lestienne,BEL,Belgium
1725,M.Liambrich,ESP,Spain
1726,M.Livaja,CRO,Croatia
1727,M.Llambrich,ESP,Spain
1728,M.Llorente,ESP,Spain
1729,M.Lopes,PRT,Portugal
1730,M.Loum,SEN,Senegal
1731,M.Lucena,ESP,Spain
1732,M.Macedo,BRA,Brazil
1733,M.Malsa,MTQ,Martinique
1734,M.Mandzukic,CRO,Croatia
1735,M.Mantovani,ARG,Argentina
1736,M.Mari,ESP,Spain
1737,M.Marin,GER,Germany
1738,M.Marmol,ESP,Spain
1739,M.Mauro,ARG,Argentina
1740,M.Mbami,CMR,Cameroon
1741,M.Mbaye,SEN,Senegal
1742,M.Merino,ESP,Spain
1743,M.Merquelanz,ESP,Spain
1744,M.Mesa,ESP,Spain
1745,M.Miazga,USA,United States of America
1746,M.Milovanovic,SRB,Serbia
1747,M.Molina,ESP,Spain
1748,M.Monteiro,PRT,Portugal
1749,M.Montoya,ESP,Spain
1750,M.Moreno,COL,Colombia
1751,M.Morlanes,ESP,Spain
1752,M.Muniesa,ESP,Spain
1753,M.Musacchio,ARG,Argentina
1754,M.Nahuel,ESP,Spain
1755,M.Nastasic,SRB,Serbia
1756,M.Navarro,ESP,Spain
1757,M.N'Diaye,SEN,Senegal
1758,M.Ndockyt,CGO,Congo
1759,M.Niang,SEN,Senegal
1760,M.Nieto,ESP,Spain
1761,M.Odegaard,NOR,Norway
1762,M.Ogunjimi,BEL,Belgium
1763,M.Olavide,ESP,Spain
1764,M.Olivera,URY,Uruguay
1765,M.Olunga,KEN,Kenya
1766,M.Onwu,ESP,Spain
1767,M.Osmajic,MNE,Montenegro
1768,M.Oyarzabal,ESP,Spain
1769,M.Ozil,GER,Germany
1770,M.Pablo,ESP,Spain
1771,M.Pallardo,ESP,Spain
1772,M.Parera,ESP,Spain
1773,M.Park,ESP,Spain
1774,M.Parra,ESP,Spain
1775,M.Pasalic,CRO,Croatia
1776,M.Pedraza,ESP,Spain
1777,M.Pereira,FRA,France
1778,M.Perez,ESP,Spain
1779,M.Perez ,COL,Colombia
1780,M.Petrov,BGR,Bulgaria
1781,M.Pjanic,BIH,Bosnia and Herzegovina
1782,M.Pozo,ESP,Spain
1783,M.Pubill,ESP,Spain
1784,M.Reina,ESP,Spain
1785,M.Rico,ESP,Spain
1786,M.Robuste,ESP,Spain
1787,M.Roca,ESP,Spain
1788,M.Rodriguez,ESP,Spain
1789,M.Rog,CRO,Croatia
1790,M.Rosenberg,SWE,Sweden
1791,M.Ruben,ARG,Argentina
1792,M.Rubio,ESP,Spain
1793,M.Ryan,AUS,Australia
1794,M.Sadick,ESP,Spain
1795,M.Sagnan,FRA,France
1796,M.Saizar,ESP,Spain
1797,M.Salisu,GHA,Ghana
1798,M.San Jose,ESP,Spain
1799,M.San Jose,ESP,Spain
1800,M.Sanchez,ESP,Spain
1801,M.Sangalli,ESP,Spain
1802,M.Santos,URY,Uruguay
1803,M.Saracchi,URY,Uruguay
1804,M.Sarr,SEN,Senegal
1805,M.Saunier,FRA,France
1806,M.Sebastian,ESP,Spain
1807,M.Senna,ESP,Spain
1808,M.Shojaei,IRN,Iran
1809,M.Silva,URY,Uruguay
1810,M.Simon,NGA,Nigeria
1811,M.Sissoko,MLI,Mali
1812,M.Stankevicius,LTU,Lithuania
1813,M.Steinhofer,GER,Germany
1814,M.Stevanovic,BIH,Bosnia and Herzegovina
1815,M.Suarez,ESP,Spain
1816,M.Susaeta,ESP,Spain
1817,M.Sylla,SEN,Senegal
1818,M.Tchite,COD,Congo Democratic Republic
1819,M.Tebar,ESP,Spain
1820,M.Tenas,ESP,Spain
1821,M.Topal,TUR,Turkey
1822,M.Torrejon,ESP,Spain
1823,M.Torres,ESP,Spain
1824,M.Torsiglieri,ARG,Argentina
1825,M.Trigueros,ESP,Spain
1826,M.Uzuni,ALB,Albania
1827,M.Valiente,ESP,Spain
1828,M.Valjent,SVK,Slovakia
1829,M.Vallejo,ESP,Spain
1830,M.Vargas,ARG,Argentina
1831,M.Vesga,ESP,Spain
1832,M.Villanueva,VEN,Venezuela
1833,M.Wague,SEN,Senegal
1834,M.Wakaso,GHA,Ghana
1835,M.Wober,AUT,Austria
1836,M.Zubimendi,ESP,Spain
1837,Maikel Mesa,ESP,Spain
1838,Malcom,BRA,Brazil
1839,Mane,ESP,Spain
1840,Manu,ESP,Spain
1841,Manucho,ANG,Angola
1842,Marcao,BRA,Brazil
1843,Marcelo,BRA,Brazil
1844,Marcos,ESP,Spain
1845,Marezi,SRB,Serbia
1846,Mariano,BRA,Brazil
1847,Mario,ESP,Spain
1848,Marlon,BRA,Brazil
1849,Marti,ESP,Spain
1850,Martin,ESP,Spain
1851,Marvin,ESP,Spain
1852,Matilla,ESP,Spain
1853,Maxwell,BRA,Brazil
1854,Mcdonald Mariga,KEN,Kenya
1855,Memphis,NLD,Netherlands
1856,Mendi,ESP,Spain
1857,Michel,ESP,Spain
1858,Michel ,BRA,Brazil
1859,Michu,ESP,Spain
1860,Miguel,ESP,Spain
1861,Miku,VEN,Venezuela
1862,Miranda,BRA,Brazil
1863,Mode,ESP,Spain
1864,Mohamed,FRA,France
1865,Momo,ESP,Spain
1866,Monchu,ESP,Spain
1867,Mono,ESP,Spain
1868,N.Aleman,ESP,Spain
1869,N.Amrabat,MAR,Morocco
1870,N.Araujo,MEX,Mexico
1871,N.Baha,MAR,Morocco
1872,N.Bertolo,ARG,Argentina
1873,N.Bille Nielsen,DEN,Denmark
1874,N.Cases,ESP,Spain
1875,N.Castillo,MEX,Mexico
1876,N.Champagne,ARG,Argentina
1877,N.Diaz,ESP,Spain
1878,N.Djouahra,FRA,France
1879,N.El Zhar,MAR,Morocco
1880,N.El Zhar ,MAR,Morocco
1881,N.Fekir,FRA,France
1882,N.Fernandez Mercau,ARG,Argentina
1883,N.Gaitan,ARG,Argentina
1884,N.Ghilas,ALG,Algeria
1885,N.Gil,ESP,Spain
1886,N.Gonzalez,ESP,Spain
1887,N.Gudelj,SRB,Serbia
1888,N.Haedo Valdez,PAR,Paraguay
1889,N.Igiebor,NGA,Nigeria
1890,N.Insa,MYS,Malaysia
1891,N.Iosifov,RUS,Russia
1892,N.Jackson,SEN,Senegal
1893,N.Kalinic,CRO,Croatia
1894,N.Karabelas,GRE,Greece
1895,N.Karampelas,GRE,Greece
1896,N.Krsticic,SRB,Serbia
1897,N.Leiva,ARG,Argentina
1898,N.Lopez,URY,Uruguay
1899,N.Maksimovic,SRB,Serbia
1900,N.Maras,SRB,Serbia
1901,N.Marcos,PRT,Portugal
1902,N.Martinez,ESP,Spain
1903,N.Melamed,ESP,Spain
1904,N.Mesa,ESP,Spain
1905,N.Molina,ARG,Argentina
1906,N.Monreal,ESP,Spain
1907,N.Monsalve,ESP,Spain
1908,N.Novo,ESP,Spain
1909,N.Oliveira,PRT,Portugal
1910,N.Otamendi,ARG,Argentina
1911,N.Pamarot,FRA,France
1912,N.Pareja,ARG,Argentina
1913,N.Perez,ESP,Spain
1914,N.Perez ,ARG,Argentina
1915,N.Petrovic,SRB,Serbia
1916,N.Radoja,SRB,Serbia
1917,N.Ribaudo,ESP,Spain
1918,N.Sahin,TUR,Turkey
1919,N.Sansone,ITA,Italy
1920,N.Semedo,PRT,Portugal
1921,N.Serrano,ESP,Spain
1922,N.Susaeta,ESP,Spain
1923,N.Tenaglia,ARG,Argentina
1924,N.Touaizi,MAR,Morocco
1925,N.Valdez,PAR,Paraguay
1926,N.Vidal,ESP,Spain
1927,N.Vujadinovic,MNE,Montenegro
1928,N.Vukcevic,MNE,Montenegro
1929,N.Williams,ESP,Spain
1930,N.Z.Touaizi,ESP,Spain
1931,Nacho,ESP,Spain
1932,Nagore,ESP,Spain
1933,Naldo,BRA,Brazil
1934,Nani,PRT,Portugal
1935,Nano,ESP,Spain
1936,Naranjo,ESP,Spain
1937,Nelson,PRT,Portugal
1938,Neto,BRA,Brazil
1939,Neymar,BRA,Brazil
1940,Nieto,ESP,Spain
1941,Nili,ESP,Spain
1942,Nilmar,BRA,Brazil
1943,Nino,ESP,Spain
1944,Nolito,ESP,Spain
1945,Nono,ESP,Spain
1946,Nosa,NGA,Nigeria
1947,O.Alderete,PAR,Paraguay
1948,O.Atzili,ISR,Israel
1949,O.Bernal,ESP,Spain
1950,O.Burke,SCO,Scotland
1951,O.Clemente,ESP,Spain
1952,O.De Marcos,ESP,Spain
1953,O.Dembele,FRA,France
1954,O.Diaz,ESP,Spain
1955,O.Duarte,CRC,Costa Rica
1956,O.El Hilali,MAR,Morocco
1957,O.El Hilali,MAR,Morocco
1958,O.Etebo,NGA,Nigeria
1959,O.Faraj,SWE,Sweden
1960,O.Gil,ESP,Spain
1961,O.Idrissi,MAR,Morocco
1962,O.Ighalo,NGA,Nigeria
1963,O.John,NLD,Netherlands
1964,O.Karnezis,GRE,Greece
1965,O.Kayode,NGA,Nigeria
1966,O.Martins,NGA,Nigeria
1967,O.Mascarell,ESP,Spain
1968,O.Melendo,ESP,Spain
1969,O.Mfulu,COD,Congo Democratic Republic
1970,O.Mingueza,ESP,Spain
1971,O.Olazabal,ESP,Spain
1972,O.Onyewu,USA,United States of America
1973,O.Pinchi,ESP,Spain
1974,O.Pineda,MEX,Mexico
1975,O.Plano,ESP,Spain
1976,O.Ramos,ESP,Spain
1977,O.Rey,ESP,Spain
1978,O.Riera,ESP,Spain
1979,O.Rodriguez,ESP,Spain
1980,O.Romero,PAR,Paraguay
1981,O.Romeu,ESP,Spain
1982,O.Sancet,ESP,Spain
1983,O.Sanjurjo,ESP,Spain
1984,O.Serrano,ESP,Spain
1985,O.Tannane,MAR,Morocco
1986,O.Thomert,MTQ,Martinique
1987,O.Torres,ESP,Spain
1988,O.Trejo,ARG,Argentina
1989,O.Urena,ESP,Spain
1990,O.Ustari,ARG,Argentina
1991,O.Valentin,ESP,Spain
1992,O.Vranjes,BIH,Bosnia and Herzegovina
1993,O.Yakovenko,UKR,Ukraine
1994,O.Yokuslu,TUR,Turkey
1995,O.Zarraga,ESP,Spain
1996,Olasagasti,ESP,Spain
1997,Oscar,ESP,Spain
1998,Osmar,ESP,Spain
1999,P.Akouokou,CIV,Ivory Coast
2000,P.Alcacer,ESP,Spain
2001,P.Alcala,ESP,Spain
2002,P.Alcolea,ESP,Spain
2003,P.Alvarez,ARG,Argentina
2004,P.Araujo,BRA,Brazil
2005,P.Assuncao,BRA,Brazil
2006,P.B.Diawara,SEN,Senegal
2007,P.Barrera,MEX,Mexico
2008,P.Barrios,ESP,Spain
2009,P.Baysse,FRA,France
2010,P.Benito,ESP,Spain
2011,P.Bigas,ESP,Spain
2012,P.Botelho,BRA,Brazil
2013,P.Caceres,URY,Uruguay
2014,P.Cendros,ESP,Spain
2015,P.Chavarria,ARG,Argentina
2016,P.Chavarria ,ESP,Spain
2017,P.Cheikh,SEN,Senegal
2018,P.Ciss,SEN,Senegal
2019,P.Claveria,ESP,Spain
2020,P.Coutinho,BRA,Brazil
2021,P.Cutrone,ITA,Italy
2022,P.Da Silva,PAR,Paraguay
2023,P.De Blasis,ARG,Argentina
2024,P.de la Fuente,ESP,Spain
2025,P.Diakhate,SEN,Senegal
2026,P.Diop,SEN,Senegal
2027,P.Duran,ESP,Spain
2028,P.E.Aubameyang,GAB,Gabon
2029,P.Ebert,GER,Germany
2030,P.Ekeng,CMR,Cameroon
2031,P.Estupinan,ECU,Ecuador
2032,P.Etebo,NGA,Nigeria
2033,P.Fernandez,ESP,Spain
2034,P.Fornals,ESP,Spain
2035,P.Freixanet,ESP,Spain
2036,P.Gazzaniga,ARG,Argentina
2037,P.Geromel,BRA,Brazil
2038,P.Gomez,ARG,Argentina
2039,P.Gonzalez,DOM,Dominican Republic
2040,P.Gueye,SEN,Senegal
2041,P.Hernandez,ESP,Spain
2042,P.Hernandez ,CHL,Chile
2043,P.Hervias,ESP,Spain
2044,P.Ibanez,ESP,Spain
2045,P.Iniguez,ESP,Spain
2046,P.Insua,ESP,Spain
2047,P.Kone,GRE,Greece
2048,P.Leon,ESP,Spain
2049,P.Lirola,ESP,Spain
2050,P.Lopez,ESP,Spain
2051,P.Lopez Munoz,ESP,Spain
2052,P.Lozano,ESP,Spain
2053,P.M.Diakhate,SEN,Senegal
2054,P.M.Diamanka,SEN,Senegal
2055,P.Maffeo,ESP,Spain
2056,P.Mari,ESP,Spain
2057,P.Marin,ESP,Spain
2058,P.Martin,ESP,Spain
2059,P.Martinez,ESP,Spain
2060,P.Milla,ESP,Spain
2061,P.Montanes,ESP,Spain
2062,P.Morales,CHL,Chile
2063,P.Mosquera,ESP,Spain
2064,P.Mtiliga,DEN,Denmark
2065,P.Munitis,ESP,Spain
2066,P.Munoz,ESP,Spain
2067,P.Nolaskoain,ESP,Spain
2068,P.Oliveira,PRT,Portugal
2069,P.Orbaiz,ESP,Spain
2070,P.Orfila,ESP,Spain
2071,P.Ortiz,ESP,Spain
2072,P.Pena,ESP,Spain
2073,P.Perez,ARG,Argentina
2074,P.Perez ,ESP,Spain
2075,P.Piatti,ARG,Argentina
2076,P.Pinillos,ESP,Spain
2077,P.Pintos,URY,Uruguay
2078,P.Pons,ESP,Spain
2079,P.Porro,ESP,Spain
2080,P.Quaye,GHA,Ghana
2081,P.Rajkovic,SRB,Serbia
2082,P.Reina,ESP,Spain
2083,P.Rios,ESP,Spain
2084,P.Roberts,ENG,England
2085,P.Rodriguez,PAN,Panama
2086,P.Sanchez,ESP,Spain
2087,P.Sarabia,ESP,Spain
2088,P.Senderos,SUI,Switzerland
2089,P.Seung,KOR,Sounth Korea
2090,P.Sisto,DEN,Denmark
2091,P.Sutil,ESP,Spain
2092,P.Torre,ESP,Spain
2093,P.Torres,ESP,Spain
2094,P.Trochowski,GER,Germany
2095,P.Twumasi,GHA,Ghana
2096,P.Tyton,POL,Poland
2097,P.Velthuizen,NLD,Netherlands
2098,P.Webo,CAM,Cameroon
2099,Park Chu,KOR,Sounth Korea
2100,Park Chu-Young,KOR,Sounth Korea
2101,Pascu,ESP,Spain
2102,Pathe Ciss,SEN,Senegal
2103,Paulao,BRA,Brazil
2104,Paulinho,BRA,Brazil
2105,Paulino,ESP,Spain
2106,Pedri,ESP,Spain
2107,Pedro,ESP,Spain
2108,Pepe,PRT,Portugal
2109,Pepelu,ESP,Spain
2110,Petros,BRA,Brazil
2111,Pibe,ARG,Argentina
2112,Pinto,ESP,Spain
2113,Pipa,ESP,Spain
2114,Piti,ESP,Spain
2115,Pizzi,PRT,Portugal
2116,Portu,ESP,Spain
2117,Pubill,ESP,Spain
2118,Q.Gonzalez,ESP,Spain
2119,Q.Owusu,GHA,Ghana
2120,Q.Promes,NLD,Netherlands
2121,Q.Rivero,ESP,Spain
2122,Quini,ESP,Spain
2123,Quique,ESP,Spain
2124,R.Acquafresca,ITA,Italy
2125,R.Ait-Atmane,ALG,Algeria
2126,R.Albentosa,ESP,Spain
2127,R.Albiol,ESP,Spain
2128,R.Alcaraz,ESP,Spain
2129,R.Andrei Rusescu,ROU,Romania
2130,R.Araujo,URY,Uruguay
2131,R.Arcas,VEN,Venezuela
2132,R.Arroyo,ESP,Spain
2133,R.Artero,ESP,Spain
2134,R.Assale,CIV,Ivory Coast
2135,R.Azeez,NGA,Nigeria
2136,R.Babel,NLD,Netherlands
2137,R.Baena,ESP,Spain
2138,R.Battaglia,ARG,Argentina
2139,R.Blanco,ESP,Spain
2140,R.Boakye,GHA,Ghana
2141,R.Boateng,GHA,Ghana
2142,R.Bodipo,GNQ,Equatorial Guinea
2143,R.Borre,COL,Colombia
2144,R.Boudebouz,ALG,Algeria
2145,R.Bravo,ESP,Spain
2146,R.Brezancic,SRB,Serbia
2147,R.Canella,ESP,Spain
2148,R.Carnero,ESP,Spain
2149,R.Carvalho,PRT,Portugal
2150,R.Castro,ESP,Spain
2151,R.Chen,PAN,Panama
2152,R.Correa,ESP,Spain
2153,R.Costa,PRT,Portugal
2154,R.De Paul,ARG,Argentina
2155,R.de Tomas,ESP,Spain
2156,R.Donk,SUR,Suriname
2157,R.Drenthe,NLD,Netherlands
2158,R.Duarte,ESP,Spain
2159,R.Durmisi,DEN,Denmark
2160,R.Dwamena,GHA,Ghana
2161,R.Ely,BRA,Brazil
2162,R.Falcao,COL,Colombia
2163,R.Fernandez,ESP,Spain
2164,R.Folch,ESP,Spain
2165,R.Fonte,PRT,Portugal
2166,R.Funes Mori,ARG,Argentina
2167,R.Galatto,BRA,Brazil
2168,R.Galvez,ESP,Spain
2169,R.Garcia,ESP,Spain
2170,R.Goni,ESP,Spain
2171,R.Gonzalez,ESP,Spain
2172,R.Guerra,URY,Uruguay
2173,R.Guti,ESP,Spain
2174,R.Horta,PRT,Portugal
2175,R.Ibanez,ESP,Spain
2176,R.Iranzo,ESP,Spain
2177,R.Jimenez,MEX,Mexico
2178,R.Jorda,ESP,Spain
2179,R.Krhin,SVN,Slovenia
2180,R.Lago,ESP,Spain
2181,R.Lamah,BEL,Belgium
2182,R.Le Normand,ESP,Spain
2183,R.Lendinez,ESP,Spain
2184,R.Leon,ESP,Spain
2185,R.Lewandowski,POL,Poland
2186,R.Lizoain,ESP,Spain
2187,R.Lodi,BRA,Brazil
2188,R.Loe,CAM,Cameroon
2189,R.Lopes,PRT,Portugal
2190,R.Lopez,ESP,Spain
2191,R.Mandava,MOZ,Mozambique
2192,R.Marti,ESP,Spain
2193,R.Martinez,ESP,Spain
2194,R.Martinez ,COL,Colombia
2195,R.Martins,BRA,Brazil
2196,R.Matos,BRA,Brazil
2197,R.Mazan,SVK,Slovakia
2198,R.Mesa,ESP,Spain
2199,R.Micael,PRT,Portugal
2200,R.Mino,ESP,Spain
2201,R.Mir,ESP,Spain
2202,R.Miranda,PRT,Portugal
2203,R.Navarro,ESP,Spain
2204,R.Navas,ESP,Spain
2205,R.Nteka,ESP,Spain
2206,R.Obrador,ESP,Spain
2207,R.Pardo,ESP,Spain
2208,R.Parra,ESP,Spain
2209,R.Pena,ESP,Spain
2210,R.Perez,ESP,Spain
2211,R.Pier,ESP,Spain
2212,R.Pierre-Gabriel,FRA,France
2213,R.Puig,ESP,Spain
2214,R.Quintanilla,ESP,Spain
2215,R.Ramiro,ESP,Spain
2216,R.Rat,ROU,Romania
2217,R.Rios,ESP,Spain
2218,R.Riquelme,ESP,Spain
2219,R.Rochina,ESP,Spain
2220,R.Rodriguez,ESP,Spain
2221,R.Rosales,VEN,Venezuela
2222,R.Rusescu,ROU,Romania
2223,R.Sanchez,ESP,Spain
2224,R.Santa Cruz,PAR,Paraguay
2225,R.Santamaria,ESP,Spain
2226,R.Sastre,ESP,Spain
2227,R.Semedo,PRT,Portugal
2228,R.Silva,PRT,Portugal
2229,R.Soares,PRT,Portugal
2230,R.Sobrino,ESP,Spain
2231,R.Soldado,ESP,Spain
2232,R.Soriano,ITA,Italy
2233,R.Suarez,ESP,Spain
2234,R.Tamudo,ESP,Spain
2235,R.Tapia,PER,Peru
2236,R.Tarin,ESP,Spain
2237,R.Terrats,ESP,Spain
2238,R.Torrente,ESP,Spain
2239,R.Torres,ESP,Spain
2240,R.Trashorras,ESP,Spain
2241,R.van der Vaart,NLD,Netherlands
2242,R.van Nistelrooy,NLD,Netherlands
2243,R.van Wolfswinkel,NLD,Netherlands
2244,R.Varane,FRA,France
2245,R.Vezo,PRT,Portugal
2246,R.Yanez,ESP,Spain
2247,R.Zozulya,UKR,Ukraine
2248,Rafa,ESP,Spain
2249,Rafinha,BRA,Brazil
2250,Rafita,ESP,Spain
2251,Ramiro Guerra,URY,Uruguay
2252,Randy Ntekja,FRA,France
2253,Raoul Loe,CMR,Cameroon
2254,Raphael Dwamena,GHA,Ghana
2255,Raphinha,BRA,Brazil
2256,Raul,ESP,Spain
2257,Recio,ESP,Spain
2258,Reinier,BRA,Brazil
2259,Reinildo,MOZ,Mozambique
2260,Renato,BRA,Brazil
2261,Ricardo,ESP,Spain
2262,Riki,ESP,Spain
2263,Rober,ESP,Spain
2264,Roberto,ESP,Spain
2265,Rodri,ESP,Spain
2266,Rodrigo,ESP,Spain
2267,Rodrygo,BRA,Brazil
2268,Romaric,CIV,Ivory Coast
2269,Roversio,BRA,Brazil
2270,Ruben,ESP,Spain
2271,Rufete,ESP,Spain
2272,Ruper,ESP,Spain
2273,Ryder,BRA,Brazil
2274,S.Abdulai,GHA,Ghana
2275,S.Acasiete,PER,Peru
2276,S.Agra,PRT,Portugal
2277,S.Aguero,ARG,Argentina
2278,S.Akieme,ESP,Spain
2279,S.Al Dawsari,KSA,Saudi Arabia
2280,S.Aldo One,CMR,Cameroon
2281,S.Alvarez,ESP,Spain
2282,S.Amallah,MAR,Morocco
2283,S.Andersen,DEN,Denmark
2284,S.Araujo,ARG,Argentina
2285,S.Arias,COL,Colombia
2286,S.Arribas,ESP,Spain
2287,S.Arzamendia,PAR,Paraguay
2288,S.Asenjo,ESP,Spain
2289,S.Aurier,CIV,Ivory Coast
2290,S.Babic,SRB,Serbia
2291,S.Babovic,SRB,Serbia
2292,S.Ballesteros,ESP,Spain
2293,S.Barcia,ESP,Spain
2294,S.Benito,ESP,Spain
2295,S.Berjon,ESP,Spain
2296,S.Bermejo,ESP,Spain
2297,S.Boufal,MAR,Morocco
2298,S.Boutahar,NLD,Netherlands
2299,S.Bueno,URY,Uruguay
2300,S.Busquets,ESP,Spain
2301,S.Camello,ESP,Spain
2302,S.Canales,ESP,Spain
2303,S.Carreira,ESP,Spain
2304,S.Caseres,ARG,Argentina
2305,S.Castillejo,ESP,Spain
2306,S.Cazorla,ESP,Spain
2307,S.Chakla,MAR,Morocco
2308,S.Chukwueze,NGA,Nigeria
2309,S.Comesana,ESP,Spain
2310,S.Corchia,FRA,France
2311,S.Costa,PRT,Portugal
2312,S.Cristoforo,URY,Uruguay
2313,S.Cubero,ESP,Spain
2314,S.Darder,ESP,Spain
2315,S.Dest,USA,United States of America
2316,S.Dimitrievski,MKD,North Macedonia
2317,S.Doumbia,CIV,Ivory Coast
2318,S.Dubarbier,ARG,Argentina
2319,S.Eguren,URY,Uruguay
2320,S.Enrich,ESP,Spain
2321,S.Escudero,ESP,Spain
2322,S.Feghouli,ALG,Algeria
2323,S.Fernandez,URY,Uruguay
2324,S.Garcia,ESP,Spain
2325,S.Gassama,SEN,Senegal
2326,S.Gomez,ESP,Spain
2327,S.Gonzalez,ESP,Spain
2328,S.Guardiola,ESP,Spain
2329,S.Gurler,TUR,Turkey
2330,S.Herrera,ESP,Spain
2331,S.Ingason,ISL,Iceland
2332,S.Janko,GMB,Gambia
2333,S.Jovetic,MNE,Montenegro
2334,S.Keita,MLI,Mali
2335,S.Keller,CMR,Cameroon
2336,S.Khedira,GER,Germany
2337,S.Kjaer,DEN,Denmark
2338,S.Leon,ESP,Spain
2339,S.Lino,BRA,Brazil
2340,S.Llorca,ESP,Spain
2341,S.Lobotka,SVK,Slovakia
2342,S.Longo,ITA,Italy
2343,S.Lukic,SRB,Serbia
2344,S.Mantecon,ESP,Spain
2345,S.Marcos,ESP,Spain
2346,S.Marreh,GMB,Gambia
2347,S.Martinez,ESP,Spain
2348,S.Matabuena,ESP,Spain
2349,S.Mate,MOZ,Mozambique
2350,S.Mbia,CMR,Cameroon
2351,S.Mendigutxia,ESP,Spain
2352,S.Merino,ESP,Spain
2353,S.Mina,ESP,Spain
2354,S.Mitrovic,SRB,Serbia
2355,S.Moore,USA,United States of America
2356,S.Mora,ESP,Spain
2357,S.Moreno,ESP,Spain
2358,S.Muntari,GHA,Ghana
2359,S.Mustafi,GER,Germany
2360,S.Nasri,FRA,France
2361,S.Niguez,ESP,Spain
2362,S.Nzonzi,FRA,France
2363,S.Okazaki,JPN,Japan
2364,S.Paul Keller,CAM,Cameroon
2365,S.Pelegrin,ESP,Spain
2366,S.Perez,ESP,Spain
2367,S.Pinto,PRT,Portugal
2368,S.Plaza,ECU,Ecuador
2369,S.Pletikosa,CRO,Croatia
2370,S.Postigo,ESP,Spain
2371,S.Prcic,BIH,Bosnia and Herzegovina
2372,S.Ramirez,ESP,Spain
2373,S.Ramos,ESP,Spain
2374,S.Reguilon,ESP,Spain
2375,S.Rico,ESP,Spain
2376,S.Roberto,ESP,Spain
2377,S.Rodriguez,ESP,Spain
2378,S.Rondon,VEN,Venezuela
2379,S.Ruiz,ESP,Spain
2380,S.Sabrosa,PRT,Portugal
2381,S.Saiz,ESP,Spain
2382,S.Samper,ESP,Spain
2383,S.Sanchez,ESP,Spain
2384,S.Santos,ESP,Spain
2385,S.Savic,MNE,Montenegro
2386,S.Scepovic,SRB,Serbia
2387,S.Sevilla,ESP,Spain
2388,S.Silva,BRA,Brazil
2389,S.Sirigu,ITA,Italy
2390,S.Tejera,ESP,Spain
2391,S.Umtiti,FRA,France
2392,S.Verdi,ITA,Italy
2393,S.Vergini,ARG,Argentina
2394,S.Vrsaljko,CRO,Croatia
2395,S.Weissman,ISR,Israel
2396,S.Zaza,ITA,Italy
2397,Saborit,ESP,Spain
2398,Salvi,ESP,Spain
2399,Sammir,CRO,Croatia
2400,Samu,ESP,Spain
2401,Samuel,ESP,Spain
2402,Saul,ESP,Spain
2403,Sendoa,ESP,Spain
2404,Sergio,ESP,Spain
2405,Sidnei,BRA,Brazil
2406,Silvio,PRT,Portugal
2407,Simao,PRT,Portugal
2408,Simo,ESP,Spain
2409,Sisi,ESP,Spain
2410,Sito,ESP,Spain
2411,Son,ESP,Spain
2412,Suso,ESP,Spain
2413,T.Aguado,ESP,Spain
2414,T.Akinsola,SWE,Sweden
2415,T.Alarcon,CHL,Chile
2416,T.Alcantara,ESP,Spain
2417,T.Alderweireld,BEL,Belgium
2418,T.Anibarro,ESP,Spain
2419,T.Bifouma,CGO,Congo
2420,T.Bongonda,COD,Congo Democratic Republic
2421,T.Correia,PRT,Portugal
2422,T.Costa,ARG,Argentina
2423,T.Courtois,BEL,Belgium
2424,T.Dangda,THA,Thailand
2425,T.Delaney,DEN,Denmark
2426,T.Doblas,ESP,Spain
2427,T.Dovale,ESP,Spain
2428,T.Dujmovic,CRO,Croatia
2429,T.Galhardo,BRA,Brazil
2430,T.Gekas,GRE,Greece
2431,T.Gomes,PRT,Portugal
2432,T.Guarente,ITA,Italy
2433,T.Hemed,ISR,Israel
2434,T.Hernandez,FRA,France
2435,T.Ilori,PRT,Portugal
2436,T.Inui,JPN,Japan
2437,T.Kadewere,ZWE,Zimbabwe
2438,T.Kolodziejczak,FRA,France
2439,T.Kroos,GER,Germany
2440,T.Kubo,JPN,Japan
2441,T.Lato,ESP,Spain
2442,T.Lemar,FRA,France
2443,T.Masilela,RSA,South Africa
2444,T.Mejias,ESP,Spain
2445,T.Mendes,ESP,Spain
2446,T.Mendes ,PRT,Portugal
2447,T.Morente,ESP,Spain
2448,T.Moya,ESP,Spain
2449,T.Nianzou,FRA,France
2450,T.Partey,GHA,Ghana
2451,T.Pina,ESP,Spain
2452,T.Pinto,PRT,Portugal
2453,T.Ramirez,ESP,Spain
2454,T.Tavares,PRT,Portugal
2455,T.Ujfalusi,CZE,Czech Republic
2456,T.Vaclik,CZE,Czech Republic
2457,T.Vermaelen,BEL,Belgium
2458,T.Vilhena,NLD,Netherlands
2459,T.Villa,ESP,Spain
2460,Tachi,ESP,Spain
2461,Tana,ESP,Spain
2462,Tato,ESP,Spain
2463,Tiago,PRT,Portugal
2464,Tito,ESP,Spain
2465,Toche,ESP,Spain
2466,Tono,ESP,Spain
2467,Tote,ESP,Spain
2468,Trincao,PRT,Portugal
2469,Tropi,ESP,Spain
2470,Tyronne,ESP,Spain
2471,U.Agbo,NGA,Nigeria
2472,U.Alba,ESP,Spain
2473,U.Albizua,ESP,Spain
2474,U.Aldekoaotalora,ESP,Spain
2475,U.Arietaleanizbeaskoa,ESP,Spain
2476,U.Bustinza,ESP,Spain
2477,U.Dufur,ESP,Spain
2478,U.Garcia,ESP,Spain
2479,U.Gonzalez,ESP,Spain
2480,U.Lopez,ESP,Spain
2481,U.Nunez,ESP,Spain
2482,U.Racic,SRB,Serbia
2483,U.Ropero,ESP,Spain
2484,U.Sadiq,NGA,Nigeria
2485,U.Simon,ESP,Spain
2486,U.Vencedor,ESP,Spain
2487,U.Vencedor Paris,ESP,Spain
2488,U.Vera,ESP,Spain
2489,Ustaritz,ESP,Spain
2490,V.Alvarez,ESP,Spain
2491,V.Angban,CIV,Ivory Coast
2492,V.Antunes,PRT,Portugal
2493,V.Araujo,BRA,Brazil
2494,V.Camarasa,ESP,Spain
2495,V.Campuzano,ESP,Spain
2496,V.Casadesus,ESP,Spain
2497,V.Castellanos,ARG,Argentina
2498,V.Chust,ESP,Spain
2499,V.Demidov,NOR,Norway
2500,V.Diaz,ESP,Spain
2501,V.Esquerdo,ESP,Spain
2502,V.Fattore,ESP,Spain
2503,V.Fernandez,ESP,Spain
2504,V.Garcia,ESP,Spain
2505,V.Gomez,ESP,Spain
2506,V.Guaita,ESP,Spain
2507,V.Haroyan,ARM,Armenia
2508,V.Iborra,ESP,Spain
2509,V.Junior,BRA,Brazil
2510,V.Kravets,UKR,Ukraine
2511,V.Laguardia,ESP,Spain
2512,V.Lopez,ESP,Spain
2513,V.Mollejo,ESP,Spain
2514,V.Muriqi,KVX,Kosovo
2515,V.Perez,ESP,Spain
2516,V.Rama,ALB,Albania
2517,V.Rennella,ITA,Italy
2518,V.Rodriguez,ESP,Spain
2519,V.Ruiz,ESP,Spain
2520,V.Sanchez,ESP,Spain
2521,V.Scotta,ESP,Spain
2522,V.Souza,BRA,Brazil
2523,V.Tsygankov,UKR,Ukraine
2524,V.Tsyhankov,UKR,Ukraine
2525,V.Valdes,ESP,Spain
2526,V.Weiss,SVK,Slovakia
2527,Valdo,CPV,Cabo Verde
2528,Vere,ESP,Spain
2529,Verza,ESP,Spain
2530,Vicente,ESP,Spain
2531,Vitolo,ESP,Spain
2532,W.Ben Yedder,FRA,France
2533,W.Caballero,ARG,Argentina
2534,W.Carvalho,PRT,Portugal
2535,W.Hoedt,NLD,Netherlands
2536,W.Jose,BRA,Brazil
2537,W.Kaptoum,CMR,Cameroon
2538,W.Montoya,ARG,Argentina
2539,W.Oliveira,BRA,Brazil
2540,W.Pandiani,URY,Uruguay
2541,W.Ponce,CHL,Chile
2542,W.Rubio,ESP,Spain
2543,W.Silva,BRA,Brazil
2544,W.Swedberg,SWE,Sweden
2545,W.Zahibo,CTA,Central African Republic
2546,Wakaso,GHA,Ghana
2547,Wanderson,BRA,Brazil
2548,Weligton,BRA,Brazil
2549,Welliton,BRA,Brazil
2550,Wu Lei,CHN,China
2551,X.Alonso,ESP,Spain
2552,X.Annunziata,ESP,Spain
2553,X.Campos,ESP,Spain
2554,X.Castillo,CRO,Croatia
2555,X.Etxeita,ESP,Spain
2556,X.Irureta,ESP,Spain
2557,X.Munoz,ESP,Spain
2558,X.Nadal,ESP,Spain
2559,X.Navarro,ESP,Spain
2560,X.Prieto,ESP,Spain
2561,X.Quintilla,ESP,Spain
2562,X.Regis,ESP,Spain
2563,X.Torres,ESP,Spain
2564,Xavi,ESP,Spain
2565,Xisco,ESP,Spain
2566,Y.Alvarez,ESP,Spain
2567,Y.Berchiche,ESP,Spain
2568,Y.Bodiger,FRA,France
2569,Y.Bounou,MAR,Morocco
2570,Y.Brahimi,ALG,Algeria
2571,Y.Carrasco,BEL,Belgium
2572,Y.Couto,BRA,Brazil
2573,Y.Demir,AUT,Austria
2574,Y.Desmarets,HTI,Haiti
2575,Y.Diarra,MLI,Mali
2576,Y.El Arabi,MAR,Morocco
2577,Y.En-Nesyri,MAR,Morocco
2578,Y.Eteki,CMR,Cameroon
2579,Y.Herrera,VEN,Venezuela
2580,Y.Kone,MLI,Mali
2581,Y.Konoplyanka,UKR,Ukraine
2582,Y.Mina,COL,Colombia
2583,Y.Mollo,FRA,France
2584,Y.Musah,USA,United States of America
2585,Y.Muto,JPN,Japan
2586,Y.Pino,ESP,Spain
2587,Y.Qasmi,MAR,Morocco
2588,Y.Rodriguez,ESP,Spain
2589,Y.Sabaly,SEN,Senegal
2590,Y.Salibur,FRA,France
2591,Y.Santiago,ESP,Spain
2592,Yoel,ESP,Spain
2593,Z.Bakkali,BEL,Belgium
2594,Z.Bergdich,MAR,Morocco
2595,Z.Chengdong,CHN,China
2596,Z.Feddal,MAR,Morocco
2597,Z.Kuzmanovic,SRB,Serbia
2598,Ze Castro,PRT,Portugal
2599,Zubi,ESP,Spain
