Player,CM,KG,Apps,Mins,Goals,Assists,Yel,Red,SpG,PS%,AerialsWon,MotM,Rating,Team,Season
"Lionel Messi 36,  AM(CR),FW",170,72,31(2),2859,31,18,3,-,4.5,86.2,0.1,20,8.76,Barcelona,2010/2011
"Marc Bartra 33,  D(CR),DMC",184,70,2,180,1,-,-,-,1,83.8,1,-,7.77,Barcelona,2010/2011
"Andrés Iniesta 39,  M(CL)",171,68,32(2),2799,8,3,1,-,1.3,89.6,0.1,2,7.72,Barcelona,2010/2011
"Dani Alves 40,  D(R),M(CR)",172,70,31(4),2904,2,15,10,-,1,86.6,0.6,3,7.66,Barcelona,2010/2011
"Xavi 44,  DMC",170,68,29(2),2467,3,7,6,-,1.1,94.4,-,2,7.58,Barcelona,2010/2011
"Sergio Busquets 35,  DMC",189,74,25(3),2298,1,3,5,-,0.3,92.4,1,-,7.38,Barcelona,2010/2011
"David Villa 42,  AM(L),FW",175,69,32(2),2770,18,5,3,1,3.9,78.9,0.1,1,7.34,Barcelona,2010/2011
"Pedro 36,  M(CLR),FW",169,65,24(9),2152,13,7,2,-,1.8,89.7,0.1,1,7.32,Barcelona,2010/2011
"Carles Puyol 45,  D(C)",178,80,17,1386,1,-,3,-,0.3,90.6,1.4,-,7.19,Barcelona,2010/2011
"Thiago Alcântara 32,  M(C)",174,70,6(6),662,2,-,1,-,0.7,93.1,0.3,-,7.16,Barcelona,2010/2011
"Eric Abidal 44,  D(C)",186,75,23(3),2024,-,-,3,-,0.3,90.7,0.7,-,7.11,Barcelona,2010/2011
"Sergi Roberto 32,  D(R),M(CR)",178,68,1,90,-,1,-,-,2,85.2,-,-,7.05,Barcelona,2010/2011
"Gerard Piqué 37,  D(C)",194,85,29(2),2652,3,1,9,1,0.6,88.4,1.1,-,7.04,Barcelona,2010/2011
"Andreu Fontàs 34,  D(C),DMC",188,91,5(1),460,-,1,-,-,-,92.6,0.3,-,7.01,Barcelona,2010/2011
"Adriano 39,  D(CLR),M(L)",172,75,11(4),951,-,1,3,-,0.5,88.6,0.3,1,6.98,Barcelona,2010/2011
"Javier Mascherano 39,  D(C),M(C)",174,73,18(9),1538,-,-,6,-,0.3,91.8,0.7,1,6.96,Barcelona,2010/2011
"Maxwell 42,  D(L)",176,73,19(6),1818,-,1,2,-,0.2,88,0.8,-,6.91,Barcelona,2010/2011
"Víctor Valdés 42,  GK",183,78,32,2880,-,-,6,-,-,82,-,1,6.91,Barcelona,2010/2011
"Gabriel Milito 43,  D(C),DMC",179,78,8(2),656,-,-,2,-,-,90,0.8,-,6.69,Barcelona,2010/2011
"Pinto 48,  GK",185,82,7,630,-,-,1,-,-,82.4,-,-,6.65,Barcelona,2010/2011
"Seydou Keita 44,  M(C)",183,75,15(20),1531,3,2,2,-,0.4,91.8,0.9,1,6.63,Barcelona,2010/2011
"Bojan 33,  AM(CLR),FW",170,65,9(18),933,6,2,2,-,1.1,84.5,0.1,1,6.62,Barcelona,2010/2011
"Jeffrén Suárez 36,  AM(L),FW",176,73,4(4),302,1,1,-,-,1.5,83.2,0.3,-,6.6,Barcelona,2010/2011
"Jonathan dos Santos 33,  M(CR)",172,74,1(1),87,-,-,-,-,-,91.3,-,-,6.54,Barcelona,2010/2011
"Ibrahim Afellay 37,  M(CLR)",180,76,7(9),664,1,-,1,-,1,91.7,0.1,-,6.47,Barcelona,2010/2011
"Martín Montoya 32,  D(LR),M(R)",175,73,1(1),20,-,-,-,-,-,100,0.5,-,6.31,Barcelona,2010/2011
"Oriol Romeu 32,  DMC",183,83,0(1),8,-,-,-,-,-,100,-,-,6.23,Barcelona,2010/2011
"Nolito 37,  AM(CL)",175,65,0(2),14,-,-,-,-,0.5,100,-,-,6.17,Barcelona,2010/2011
"Cristiano Ronaldo 39,  M(L),FW",187,83,32(2),2913,40,11,2,-,7.4,75.7,1.4,12,8.35,Real Madrid,2010/2011
"Marcelo 35,  D(L),M(L)",173,72,31(1),2738,3,4,7,-,0.8,79.5,0.6,4,7.72,Real Madrid,2010/2011
"Gonzalo Higuaín 36,  FW",186,89,16(1),1317,10,6,1,-,2.9,81.8,0.4,2,7.51,Real Madrid,2010/2011
"Xabi Alonso 42,  M(C)",183,80,29(5),2665,-,6,12,-,0.6,85.3,1.4,4,7.5,Real Madrid,2010/2011
"Ángel Di María 36,  M(CLR),FW",180,75,29(6),2329,6,11,6,-,2.1,75.8,-,4,7.49,Real Madrid,2010/2011
"Mesut Özil 35,  M(CLR)",180,76,30(6),2571,6,17,2,-,1.1,85.4,0.1,1,7.44,Real Madrid,2010/2011
"Sergio Ramos 37,  D(CR)",184,82,30(1),2702,3,2,11,1,1,86.1,1.9,-,7.36,Real Madrid,2010/2011
"Kaká 41,  M(CL),FW",186,78,11(3),816,7,4,-,-,1.9,87.5,0.3,1,7.34,Real Madrid,2010/2011
"Pepe 41,  D(C)",188,81,25(1),2225,1,1,6,1,0.2,82.7,1.2,2,7.32,Real Madrid,2010/2011
"Lassana Diarra 39,  M(C)",173,73,19(7),1728,-,2,11,-,0.7,87.6,0.8,-,7.24,Real Madrid,2010/2011
"Álvaro Arbeloa 41,  D(LR)",184,79,20(6),1849,-,1,5,1,0.2,87.1,0.8,-,7.13,Real Madrid,2010/2011
"Karim Benzema 36,  FW",185,81,20(13),1887,15,5,1,-,2.5,81.3,0.4,1,7.12,Real Madrid,2010/2011
"Ricardo Carvalho 45,  D(C)",183,79,31(2),2771,3,-,9,2,0.4,88.2,0.8,-,7.03,Real Madrid,2010/2011
"Sami Khedira 36,  M(C)",189,90,20(5),1839,-,1,7,-,1,86.2,1.1,-,6.99,Real Madrid,2010/2011
"Emmanuel Adebayor 40,  FW",191,82,6(8),733,5,-,-,-,2.4,80.4,1.5,-,6.91,Real Madrid,2010/2011
"Ezequiel Garay 37,  D(C)",189,90,4(1),337,-,-,-,-,-,85.6,0.8,-,6.84,Real Madrid,2010/2011
"Joselu 33,  FW",192,80,0(1),5,1,-,-,-,1,-,-,-,6.79,Real Madrid,2010/2011
"Antonio Adán 36,  GK",190,86,2(1),260,-,-,-,-,-,55.9,-,-,6.79,Real Madrid,2010/2011
"Nacho 34,  D(CLR)",180,76,2,145,-,-,-,-,0.5,81.9,0.5,-,6.73,Real Madrid,2010/2011
"Iker Casillas 42,  GK",185,84,35,3062,-,-,3,1,-,61.8,-,-,6.68,Real Madrid,2010/2011
"Esteban Granero 36,  M(CLR)",180,78,9(11),867,1,2,5,-,0.5,87.6,0.6,1,6.68,Real Madrid,2010/2011
"Raúl Albiol 38,  D(C)",187,74,13(7),1150,-,-,3,1,0.1,84.8,0.7,-,6.67,Real Madrid,2010/2011
"Fernando Gago 37,  M(C)",178,73,1(3),95,-,-,-,-,-,93.3,0.3,-,6.51,Real Madrid,2010/2011
"Sergio Canales 33,  M(CLR)",176,65,3(7),283,-,1,2,-,0.5,84.8,-,-,6.45,Real Madrid,2010/2011
"Jerzy Dudek 50,  Goalkeeper",188,83,1,78,-,-,-,-,-,87.5,-,-,6.32,Real Madrid,2010/2011
"Pedro León 37,  M(LR)",183,70,0(6),132,-,-,1,-,1.3,78.8,0.2,-,6.24,Real Madrid,2010/2011
"Mahamadou Diarra 42,  DMC",182,80,0(3),19,-,-,-,-,0.3,93.5,-,-,6.17,Real Madrid,2010/2011
"Álvaro Morata 31,  AM(L),FW",190,84,0(1),1,-,-,-,-,-,50,-,-,6.08,Real Madrid,2010/2011
"Jesús 35,  GK",190,87,0(1),12,-,-,-,-,-,100,-,-,6.05,Real Madrid,2010/2011
"Tomás Mejías 35,  GK",195,84,0(1),6,-,-,-,-,-,50,-,-,6.02,Real Madrid,2010/2011
"Álex Fernández 31,  M(CL),FW",182,72,0(1),1,-,-,-,-,-,100,-,-,6,Real Madrid,2010/2011
"Juankar 33,  D(L),M(L)",179,70,0(1),12,-,-,-,-,-,100,-,-,5.98,Real Madrid,2010/2011
"Joaquín 42,  M(CLR),FW",179,75,24(6),2073,4,7,6,-,1.1,83.6,0.6,1,7.19,Valencia,2010/2011
"Juan Mata 35,  AM(CLR)",170,63,31(2),2592,8,12,3,-,2.1,86,0.1,1,7.19,Valencia,2010/2011
"César 52,  GK",185,82,15,1270,-,-,5,-,-,58.2,0.3,2,7.13,Valencia,2010/2011
"Jérémy Mathieu 40,  D(CL)",189,82,27(2),2216,1,3,4,-,0.6,77.7,1.8,2,7.1,Valencia,2010/2011
"Éver Banega 35,  M(C)",176,78,19(9),1745,2,4,8,-,1.3,86.9,0.3,-,7.09,Valencia,2010/2011
"Roberto Soldado 38,  FW",180,74,26(8),2418,18,3,8,-,2.4,77.9,0.6,4,7.04,Valencia,2010/2011
"Marius Stankevicius 42,  D(CLR),DMC",190,83,19(2),1700,2,-,4,2,0.5,79.9,1.1,1,6.99,Valencia,2010/2011
"Alberto Costa 39,  M(C)",177,74,17(7),1624,4,1,11,-,1.6,80.5,0.2,2,6.98,Valencia,2010/2011
"Pablo Hernández 38,  M(CLR)",173,64,20(7),1774,5,6,4,-,1.3,79.3,0.1,2,6.98,Valencia,2010/2011
"Miguel Ángel Moyá 39,  GK",188,83,4,360,-,-,-,-,-,54.8,-,-,6.95,Valencia,2010/2011
"Vicente Guaita 37,  GK",190,81,19(2),1793,-,-,2,-,-,58.5,-,-,6.93,Valencia,2010/2011
"Ricardo Costa 42,  D(C)",183,80,29,2501,-,2,7,1,0.5,83.6,1.9,-,6.93,Valencia,2010/2011
"Aritz Aduriz 43,  FW",181,77,20(9),1856,10,2,6,1,1.7,73.5,3.2,2,6.92,Valencia,2010/2011
"Miguel Brito 44,  D(R)",179,78,20(4),1827,-,2,1,-,0.3,76.1,0.8,-,6.9,Valencia,2010/2011
"Mehmet Topal 38,  D(C),M(C)",187,82,21(2),1830,1,1,5,1,0.7,86.1,1.2,1,6.89,Valencia,2010/2011
"Jordi Alba 34,  D(L),M(L)",170,68,14(13),1412,2,-,6,-,0.3,78.4,0.6,-,6.89,Valencia,2010/2011
"Bruno 43,  D(R),M(R)",181,76,17(2),1538,-,2,6,-,0.1,81.2,1,1,6.89,Valencia,2010/2011
"Manuel Fernandes 38,  M(CL)",176,75,5(2),481,-,1,1,-,1,86.5,0.1,-,6.85,Valencia,2010/2011
"Hedwiges Maduro 39,  DMC",185,79,17(1),1481,1,-,5,-,0.5,84,0.8,-,6.85,Valencia,2010/2011
"Jonas 39,  AM(CLR),FW",181,73,8(5),689,3,3,2,-,2,80.3,0.6,-,6.8,Valencia,2010/2011
"Ángel Dealbert 41,  D(C)",185,80,10(4),994,-,-,2,-,0.2,84.7,1.4,-,6.74,Valencia,2010/2011
"David Albelda 46,  M(C)",181,77,12(4),1066,-,1,7,1,0.4,78.4,0.7,-,6.7,Valencia,2010/2011
"David Navarro 43,  D(C)",188,82,17(1),1340,1,-,7,2,0.4,81.8,1,-,6.69,Valencia,2010/2011
"Vicente 42,  AM(C)",175,72,5(9),562,1,-,1,-,0.8,78.8,0.4,-,6.66,Valencia,2010/2011
"Chori Domínguez 42,  AM(C),FW",176,69,3(6),326,-,1,1,-,0.6,75.3,0.1,-,6.36,Valencia,2010/2011
"Sofiane Féghouli 34,  M(CR)",177,75,0(3),28,-,-,-,-,-,72.2,0.7,-,6.18,Valencia,2010/2011
"Isco 31,  M(CLR),FW",176,79,0(4),61,-,-,-,-,1.3,75.9,-,-,6.15,Valencia,2010/2011
"Bruno Soriano 39,  M(C)",184,73,36(1),3274,-,2,8,-,0.3,89.5,2.1,4,7.45,Villarreal,2010/2011
"Giuseppe Rossi 37,  FW",173,72,35(1),3030,18,5,6,-,3.8,79,0.3,4,7.44,Villarreal,2010/2011
"Santi Cazorla 39,  M(CLR)",168,65,34(3),2901,5,10,6,-,2.5,84.2,-,5,7.39,Villarreal,2010/2011
"Ángel 43,  D(R)",180,71,18,1592,-,2,4,-,0.4,80.8,0.7,-,7.29,Villarreal,2010/2011
"Borja Valero 39,  M(CL)",175,73,34(1),2960,3,8,8,1,0.7,86.4,0.3,2,7.1,Villarreal,2010/2011
"Carlos Marchena 44,  D(C)",183,79,27(1),2350,1,-,9,1,0.2,85.9,0.5,-,7.08,Villarreal,2010/2011
"Nilmar 39,  FW",180,73,27(4),2369,11,3,3,-,2.5,71.7,0.3,2,7.05,Villarreal,2010/2011
"Cani 42,  M(CLR)",180,75,25(9),2103,5,2,4,1,1.2,78.2,0.1,3,7.01,Villarreal,2010/2011
"Mario Gaspar 33,  D(CR),M(R)",182,74,20(2),1833,-,2,5,-,0.6,78.2,0.8,-,6.99,Villarreal,2010/2011
"Gonzalo Rodríguez 39,  D(C)",182,79,20(3),1805,1,-,4,1,0.5,77.7,1.2,1,6.99,Villarreal,2010/2011
"Joan Capdevila Méndez 46,  D(L)",182,78,30(1),2635,2,1,6,-,0.6,81.9,0.8,-,6.91,Villarreal,2010/2011
"Marcos Senna 47,  D(C),DMC,M(R)",177,76,15(5),1220,1,1,2,-,1,86.8,0.7,-,6.88,Villarreal,2010/2011
"Mateo Musacchio 33,  D(C)",180,73,27(4),2435,-,1,9,1,0.2,84.8,0.8,1,6.87,Villarreal,2010/2011
"Diego López 42,  GK",196,89,38,3420,-,-,3,-,-,61.2,0.1,2,6.8,Villarreal,2010/2011
"Catalá 39,  D(CL)",175,72,10(6),948,1,2,1,-,0.3,79.2,0.6,-,6.67,Villarreal,2010/2011
"Marco Ruben 37,  FW",179,72,12(18),1269,5,2,4,-,1.2,70.1,1.1,-,6.44,Villarreal,2010/2011
"Carlos Tomás 35,  Defender",183,78,1,90,-,-,-,-,-,90.1,-,-,6.41,Villarreal,2010/2011
"Jefferson Montero 34,  M(L)",173,70,0(9),132,1,1,-,-,0.3,74.5,-,-,6.36,Villarreal,2010/2011
"Matilla 35,  DMC",176,72,3(8),358,-,-,-,-,0.4,91.7,0.1,-,6.33,Villarreal,2010/2011
"Marcos Gullón 35,  D(C),M(C)",185,79,1,71,-,-,1,-,-,96.2,1,-,6.32,Villarreal,2010/2011
"Mubarak Wakaso 33,  M(CLR)",171,66,1(10),283,-,-,3,-,0.6,81.6,0.2,-,6.32,Villarreal,2010/2011
"Cicinho 43,  D(R)",172,68,0(6),81,-,-,-,-,0.3,81.5,-,-,6.28,Villarreal,2010/2011
"Nicki Bille Nielsen 36,  FW",181,75,0(1),14,-,-,-,-,-,100,-,-,6.28,Villarreal,2010/2011
"Joan Oriol 37,  D(L)",175,69,1(5),134,-,-,1,-,-,78.7,0.2,-,6.19,Villarreal,2010/2011
"Natxo Insa 37,  DMC",178,68,0(1),9,-,-,-,-,-,85.7,-,-,6.18,Villarreal,2010/2011
"Jozy Altidore 34,  FW",185,79,0(3),32,-,-,-,-,-,80,-,-,6.16,Villarreal,2010/2011
"Cristóbal Márquez 39,  Midfielder",180,77,1(1),66,-,-,-,-,-,70,-,-,6.07,Villarreal,2010/2011
"Kiko Olivas 35,  D(C)",184,76,2(2),181,-,-,1,-,0.3,92.5,0.3,-,6.06,Villarreal,2010/2011
"Ivan Rakitic 36,  M(CL)",184,78,13,1098,5,2,1,-,1.9,80.4,0.8,1,7.53,Sevilla,2010/2011
"Diego Perotti 35,  M(CLR),FW",179,70,27(4),2331,3,6,5,-,1.3,83.9,0.4,3,7.26,Sevilla,2010/2011
"Jesús Navas 38,  D(R),M(R)",172,60,15,1350,1,4,3,-,1.8,78.9,0.3,-,7.24,Sevilla,2010/2011
"Álvaro Negredo 38,  FW",186,71,29(9),2623,20,5,4,-,2.9,68.6,1.8,4,7.2,Sevilla,2010/2011
"Frederic Kanoute 46,  AM(CL),FW",192,82,19(9),1894,12,2,6,-,1.8,77.9,2.9,3,7.07,Sevilla,2010/2011
"Fernando Navarro 41,  D(CL)",177,70,30,2577,-,-,7,2,0.3,85.4,1.2,-,7.07,Sevilla,2010/2011
"Abdoulay Konko 40,  D(LR),M(R)",184,71,9(2),814,2,-,2,1,1.2,79.6,0.9,1,7.04,Sevilla,2010/2011
"Luís Fabiano 43,  FW",183,81,16(5),1395,10,1,2,-,3,71.9,1.1,2,7.03,Sevilla,2010/2011
"Sergio Sánchez 37,  D(CR)",185,84,6(1),562,-,1,3,-,-,82.8,1.1,-,6.98,Sevilla,2010/2011
"Martín Cáceres 36,  D(CLR),M(R)",180,77,24(1),2128,1,2,6,-,0.6,79.7,1,-,6.97,Sevilla,2010/2011
"Federico Fazio 36,  D(C)",195,85,17(2),1502,1,-,3,-,0.5,84.6,2.1,1,6.97,Sevilla,2010/2011
"Gary Medel 36,  D(C),DMC",171,65,15,1306,-,-,6,1,0.3,90.3,1.3,-,6.97,Sevilla,2010/2011
"Javi Varas 41,  GK",182,74,19(2),1786,-,-,3,-,-,56.1,0.1,2,6.96,Sevilla,2010/2011
"Luis Alberto 31,  AM(CL),FW",182,70,1(1),99,-,1,-,-,0.5,78.1,1,-,6.89,Sevilla,2010/2011
"Julien Escudé 44,  D(C),DMC",183,79,27(1),2434,2,-,6,-,0.8,84,1.9,-,6.84,Sevilla,2010/2011
"Mouhamadou Dabo 37,  D(LR)",176,65,21(3),1956,-,2,6,1,0.3,80.9,0.3,-,6.83,Sevilla,2010/2011
"Tiberio Guarente 38,  DMC",180,67,3(4),307,-,1,1,-,0.7,82.4,0.3,-,6.79,Sevilla,2010/2011
"Romaric 40,  D(C),M(C)",187,88,19(7),1557,1,3,5,-,1.3,82.9,1,-,6.78,Sevilla,2010/2011
"Alexis Ruano 38,  D(CLR)",182,75,21,1842,-,-,7,1,0.4,76.9,1.6,1,6.73,Sevilla,2010/2011
"José Carlos Fernández 36,  M(LR)",177,68,2(4),170,-,1,-,-,0.8,76.2,-,-,6.68,Sevilla,2010/2011
"Renato 44,  M(C)",177,71,12(12),1189,2,2,1,-,0.3,83.5,0.9,-,6.67,Sevilla,2010/2011
"Andrés Palop 50,  GK",184,75,19,1636,-,-,2,1,-,57.1,0.1,-,6.65,Sevilla,2010/2011
"Didier Zokora 43,  M(C)",179,72,17(6),1547,-,1,10,-,0.2,84.3,0.6,-,6.53,Sevilla,2010/2011
"Diego Capel 36,  AM(L)",173,69,17(10),1577,-,1,2,-,0.7,84.4,0.1,-,6.52,Sevilla,2010/2011
"Rodri Ríos 33,  AM(C),FW",175,74,2(3),222,-,1,2,-,0.4,77.6,0.4,-,6.41,Sevilla,2010/2011
"Alejandro Alfaro 37,  M(R)",175,72,8(12),719,2,1,1,-,1.3,81.9,0.6,-,6.41,Sevilla,2010/2011
"Luca Cigarini 37,  M(C)",175,72,5(1),384,-,-,2,-,1.2,85.5,-,-,6.33,Sevilla,2010/2011
"Lautaro Acosta 35,  AM(CLR),FW",168,68,2(8),272,-,2,3,-,0.6,80.6,0.5,-,6.2,Sevilla,2010/2011
"Bernardo Espinosa 34,  D(C)",192,85,1,90,-,-,-,-,-,57.7,2,-,6.12,Sevilla,2010/2011
"Antonio Luna 32,  D(L),M(L)",178,68,2,171,-,-,1,-,-,77.9,-,-,6.09,Sevilla,2010/2011
"Arouna Koné 40,  AM(LR),FW",181,78,0(1),1,-,-,-,-,1,100,-,-,6,Sevilla,2010/2011
"Ivica Dragutinovic 48,  D(C),DMC",186,83,0(2),9,-,-,-,-,-,50,-,-,5.98,Sevilla,2010/2011
"Raúl Fernández 36,  GK",195,92,1,90,-,-,-,-,-,61.5,2,-,7.55,Athletic Bilbao,2010/2011
"Javi Martínez 35,  D(C),M(C)",192,86,35,2986,4,1,11,-,1.5,74.8,3.1,3,7.43,Athletic Bilbao,2010/2011
"Fernando Llorente 39,  FW",193,90,37(1),3176,18,2,4,-,3.2,62.9,4.3,6,7.29,Athletic Bilbao,2010/2011
"David López 41,  M(CR)",181,75,17(11),1655,6,6,3,-,1.4,76.4,0.3,3,7.12,Athletic Bilbao,2010/2011
"Gaizka Toquero 39,  AM(R),FW",182,72,26(4),2102,7,3,4,-,1.8,57.6,3.2,3,7.03,Athletic Bilbao,2010/2011
"Ekiza 36,  D(C)",180,73,21,1890,-,-,1,-,-,76.7,1,1,7.01,Athletic Bilbao,2010/2011
"Iker Muniain 31,  AM(CLR)",170,65,30(5),2592,5,2,6,-,1.2,84.9,0.2,1,6.99,Athletic Bilbao,2010/2011
"Koikili 43,  D(CL)",168,68,16,1349,-,-,4,1,0.9,77.5,0.5,-,6.94,Athletic Bilbao,2010/2011
"Gurpegi 43,  D(C),M(C)",181,74,28(3),2243,2,-,16,-,0.7,79,1,-,6.9,Athletic Bilbao,2010/2011
"Andoni Iraola 41,  D(R),M(CR)",182,75,37,3291,4,7,6,-,0.7,77.6,0.3,-,6.89,Athletic Bilbao,2010/2011
"Aitor Ocio 47,  D(C)",187,80,3(1),282,-,-,1,-,-,74,0.5,-,6.88,Athletic Bilbao,2010/2011
"Pablo Orbaiz 45,  M(C)",179,75,18(8),1681,1,2,3,-,0.7,81,0.3,-,6.8,Athletic Bilbao,2010/2011
"Jon Aurtenetxe 32,  D(CL)",182,82,9(1),808,-,1,4,1,0.2,66.2,1,-,6.75,Athletic Bilbao,2010/2011
"Gorka Iraizoz 43,  GK",191,87,37,3330,-,-,5,-,-,62.8,0.2,1,6.75,Athletic Bilbao,2010/2011
"Mikel Balenziaga 36,  D(L)",177,76,1,90,-,-,1,-,1,77.8,-,-,6.72,Athletic Bilbao,2010/2011
"Xabier Castillo 37,  D(L)",184,75,10(1),866,-,-,2,2,0.5,70.8,1.8,-,6.68,Athletic Bilbao,2010/2011
"Markel Susaeta 36,  M(LR)",179,63,15(13),1448,1,3,3,-,1.5,79.2,0.1,2,6.68,Athletic Bilbao,2010/2011
"Igor Gabilondo 45,  AM(CL),FW",185,78,10(19),1046,5,4,1,-,0.9,73.9,0.4,2,6.67,Athletic Bilbao,2010/2011
"Mikel San José 34,  D(C),DMC",188,78,30(1),2675,2,-,11,1,0.4,74.7,1,-,6.59,Athletic Bilbao,2010/2011
"Fernando Amorebieta 38,  D(CL)",192,85,16(1),1387,-,-,7,1,0.2,72.3,0.9,-,6.59,Athletic Bilbao,2010/2011
"Óscar De Marcos 34,  D(LR),M(CR)",182,77,3(10),529,-,2,3,-,0.8,68.3,0.7,-,6.5,Athletic Bilbao,2010/2011
"Iñigo Pérez 36,  D(L),M(CL)",178,74,0(3),53,1,-,-,-,0.3,53.3,-,-,6.47,Athletic Bilbao,2010/2011
"Igor Martínez 34,  FW",169,68,5(3),366,-,2,-,-,0.8,73.4,-,-,6.32,Athletic Bilbao,2010/2011
"Ustaritz Aldekoaotalora 41,  D(CL),DMC",183,77,8(2),733,-,-,2,1,0.1,80.2,0.9,-,6.28,Athletic Bilbao,2010/2011
"Ander Iturraspe 35,  M(C)",187,80,5(12),554,-,1,5,-,0.2,85,0.4,-,6.27,Athletic Bilbao,2010/2011
"Urko Vera 36,  Forward",189,90,0(5),93,1,-,-,-,1,66.7,0.4,-,6.24,Athletic Bilbao,2010/2011
"Iñigo Díaz de Cerio 39,  Forward",180,73,0(2),29,-,-,-,-,-,66.7,-,-,6.11,Athletic Bilbao,2010/2011
"Ion Vélez 39,  Forward",183,78,0(5),103,-,-,-,-,0.4,63.9,0.4,-,6.07,Athletic Bilbao,2010/2011
"Ibai Gómez 34,  AM(LR)",177,72,0(3),33,-,-,-,-,-,87.5,-,-,5.99,Athletic Bilbao,2010/2011
"José Manuel Jurado 37,  M(CLR)",173,72,1,78,1,-,-,-,1,82.9,1,-,8.27,Atletico Madrid,2010/2011
"José Antonio Reyes 40,  M(CLR)",176,72,34,2935,6,7,7,1,2.6,71,0.9,5,7.62,Atletico Madrid,2010/2011
"Sergio Agüero 35,  AM(CL),FW",173,70,31(1),2678,20,2,6,-,3.9,77.4,0.1,5,7.38,Atletico Madrid,2010/2011
"Simão 44,  M(L)",170,64,15(1),1320,4,5,3,-,1.8,82,0.6,-,7.31,Atletico Madrid,2010/2011
"Tiago 42,  M(C)",184,75,28(3),2397,4,3,10,-,1.2,84,1.3,2,7.26,Atletico Madrid,2010/2011
"Diego Godín 38,  D(C)",187,78,25,2243,-,-,3,1,0.5,74.1,2.4,-,7.08,Atletico Madrid,2010/2011
"Filipe Luís 38,  D(L)",181,77,23(4),2069,1,2,4,-,0.5,79.8,0.3,2,7.02,Atletico Madrid,2010/2011
"David de Gea 33,  GK",192,76,38,3420,-,-,1,-,-,50.3,0.1,2,6.93,Atletico Madrid,2010/2011
"Luis Perea 45,  D(CLR)",180,76,28,2401,-,-,11,1,-,78.7,0.8,2,6.88,Atletico Madrid,2010/2011
"Antonio López 42,  D(L)",173,65,15(2),1338,-,2,2,1,0.4,75.2,1,-,6.88,Atletico Madrid,2010/2011
"Juan Valera 39,  D(R)",184,76,11(4),1070,1,1,5,-,0.4,77.8,1.1,-,6.79,Atletico Madrid,2010/2011
"Mario Suárez 37,  D(C),M(C)",188,80,18(9),1652,2,3,9,-,0.8,83.1,1.3,-,6.78,Atletico Madrid,2010/2011
"Álvaro Domínguez 34,  D(CL)",189,83,17(2),1623,2,-,5,-,0.4,78.2,1.8,-,6.77,Atletico Madrid,2010/2011
"Raúl García 37,  M(CLR),FW",184,83,18(11),1578,1,3,7,-,1,70.2,1.3,-,6.77,Atletico Madrid,2010/2011
"Diego Forlán 44,  FW",180,75,23(9),2194,8,5,3,-,3.2,71.7,0.2,2,6.73,Atletico Madrid,2010/2011
"Tomas Ujfalusi 45,  D(LR),DMC",185,76,32,2880,-,2,10,1,0.5,80.1,1,-,6.72,Atletico Madrid,2010/2011
"Koke 32,  M(CLR)",176,77,8(9),844,2,1,-,-,1,83.7,0.3,-,6.61,Atletico Madrid,2010/2011
"Diego Costa 35,  FW",188,83,13(15),1327,6,2,5,-,1,71.6,1.1,1,6.61,Atletico Madrid,2010/2011
"Elias 38,  M(CR)",173,65,10(5),654,2,-,1,-,0.6,80.8,0.3,1,6.6,Atletico Madrid,2010/2011
"Jorge Pulido 32,  D(CR)",186,72,2,180,-,-,2,-,-,82.8,1,-,6.6,Atletico Madrid,2010/2011
"Paulo Assunção 44,  M(C)",173,70,17(7),1451,-,-,8,-,0.3,83.9,0.3,-,6.56,Atletico Madrid,2010/2011
"Fran Mérida 34,  AM(C)",177,74,6(11),630,-,1,3,-,0.6,75.3,-,-,6.5,Atletico Madrid,2010/2011
"Juanfran 39,  D(R)",181,71,5(10),592,1,3,1,-,0.7,80.1,0.1,-,6.49,Atletico Madrid,2010/2011
"Alberto Noguera 34,  Midfielder",173,68,0(2),6,-,-,-,-,-,75,-,-,6.09,Atletico Madrid,2010/2011
"Carlos Kameni 40,  GK",186,86,33,2970,-,-,4,-,-,65.2,0.2,3,7.18,Espanyol,2010/2011
"Dídac Vilá 34,  D(L),M(L)",185,74,12(1),1116,-,1,3,-,-,68.1,1.5,1,7.16,Espanyol,2010/2011
"Javi Márquez 37,  M(C)",174,71,26(3),2229,2,1,7,-,2.2,78,0.9,2,7.02,Espanyol,2010/2011
"Daniel Osvaldo 38,  AM(C),FW",182,81,22(2),1757,13,4,4,1,2.8,73.8,0.9,3,6.97,Espanyol,2010/2011
"José Callejón 37,  M(LR),FW",178,73,36(1),2967,6,7,6,-,2.1,77.6,0.5,3,6.96,Espanyol,2010/2011
"Luis García 43,  M(CR),FW",178,69,36(1),2997,6,6,8,-,1.7,75.7,0.1,2,6.94,Espanyol,2010/2011
"Víctor Ruiz 35,  D(C)",184,95,15,1352,-,-,5,-,0.4,79,1.3,-,6.9,Espanyol,2010/2011
"Javi López 38,  D(R),DMC",180,76,18(7),1653,-,-,5,-,0.4,76.2,1.6,-,6.88,Espanyol,2010/2011
"Joan Verdú 40,  M(CR)",178,71,36(1),3141,5,7,10,-,1.2,82.4,0.5,1,6.82,Espanyol,2010/2011
"Ernesto Galán 37,  D(R),DMC",181,79,21(1),1837,1,-,4,1,0.2,80.5,1.2,-,6.74,Espanyol,2010/2011
"David García 43,  D(CL)",178,75,16(1),1306,-,1,3,-,0.4,79.8,0.9,-,6.71,Espanyol,2010/2011
"Javi Chica 38,  D(LR)",175,78,28(1),2500,-,1,7,1,0.6,73.5,0.5,1,6.7,Espanyol,2010/2011
"Juan Forlín 36,  D(C),M(C)",179,74,21,1772,-,-,7,1,0.3,79.4,1,-,6.7,Espanyol,2010/2011
"Jordi Amat 31,  D(CL),DMC",185,83,23(3),2151,-,-,9,-,0.1,77.6,0.5,-,6.67,Espanyol,2010/2011
"Raúl Baena 35,  M(C)",181,72,13(2),1106,-,-,2,1,0.1,83.1,1.5,-,6.61,Espanyol,2010/2011
"Raúl Rodríguez 36,  D(CR),DMC",183,70,8(2),752,-,-,2,-,-,86,0.7,-,6.59,Espanyol,2010/2011
"Aldo Duscher 44,  D(C),DMC",174,72,14(5),1300,-,-,9,-,0.4,82.4,1.5,-,6.56,Espanyol,2010/2011
"Jesús Dátolo 39,  M(CL)",179,77,3(11),530,2,-,2,-,0.8,77.7,0.1,1,6.51,Espanyol,2010/2011
"Sergio García 40,  M(CLR),FW",174,72,13(8),1178,3,1,3,-,1.4,73.7,0.2,-,6.49,Espanyol,2010/2011
"Iván Alonso 44,  FW",180,77,10(10),830,2,-,2,-,0.8,69.9,2,-,6.39,Espanyol,2010/2011
"Álvaro Vázquez 32,  FW",182,75,8(22),1196,4,-,1,-,1,71.3,0.3,-,6.34,Espanyol,2010/2011
"Manu Molina 32,  AM(R)",175,72,1(6),180,-,-,1,-,0.1,75,-,-,6.26,Espanyol,2010/2011
"Cristian Álvarez 38,  GK",186,83,5,452,-,-,1,-,-,59.2,0.2,-,6.23,Espanyol,2010/2011
"Rui Fonte 33,  M(R),FW",181,73,0(11),115,-,1,2,-,0.2,80.4,0.3,-,6.18,Espanyol,2010/2011
"Isaías 37,  Midfielder",176,67,0(4),78,-,-,2,-,-,63.5,0.3,-,6.17,Espanyol,2010/2011
"Eric López 30,  Midfielder",178,76,0(2),11,-,-,-,-,-,50,-,-,6.13,Espanyol,2010/2011
"Coro 41,  M(CLR),FW",172,70,0(1),2,-,-,-,-,-,-,-,-,6.12,Espanyol,2010/2011
"Iván De la Peña 47,  Midfielder",168,71,0(2),42,-,-,-,-,-,78.7,-,-,6.12,Espanyol,2010/2011
"Thievy Bifouma 31,  AM(CLR),FW",180,74,0(2),20,-,-,-,-,-,40,-,-,6.11,Espanyol,2010/2011
"David López 34,  D(C),DMC",183,81,0(3),26,-,-,-,-,-,53.3,0.7,-,6.06,Espanyol,2010/2011
"Víctor Álvarez 30,  D(L),M(L)",178,71,0(1),2,-,-,-,-,-,33.3,-,-,5.99,Espanyol,2010/2011
"Álvaro Cejudo 40,  M(LR)",179,74,13,1029,2,2,2,-,2.3,74.4,0.9,2,7.47,Osasuna,2010/2011
"Sergio 46,  D(CL),DMC",191,81,22,1940,2,2,5,2,0.6,66.8,3.5,3,7.35,Osasuna,2010/2011
"Javad Nekounam 43,  D(C),M(CR)",186,78,26,2232,6,-,10,-,2.2,77.1,1.9,2,7.19,Osasuna,2010/2011
"Nacho Monreal 38,  D(CL),M(L)",179,72,31,2758,1,2,6,1,0.5,71.8,1.6,-,7.14,Osasuna,2010/2011
"Masoud Shojaei 39,  M(CL),FW",187,78,14(4),1202,2,6,1,-,1.7,67.3,1.3,1,7.12,Osasuna,2010/2011
"Juanfran 39,  D(R)",181,71,18,1551,1,2,3,-,1.7,77.8,0.4,2,7.01,Osasuna,2010/2011
"Ricardo 52,  GK",187,88,38,3420,-,-,2,-,-,50.9,0.2,2,7.01,Osasuna,2010/2011
"Javier Camuñas 43,  AM(CL),FW",173,71,30(1),2557,4,5,4,1,0.9,76.2,0.1,1,6.97,Osasuna,2010/2011
"Francisco Puñal 48,  M(C)",179,73,32(1),2831,-,5,16,-,0.5,76.8,1.1,-,6.91,Osasuna,2010/2011
"Damiá 41,  D(LR)",188,79,22(5),1942,-,-,6,1,0.4,67.7,1.3,-,6.9,Osasuna,2010/2011
"Nélson 40,  D(R)",171,64,25(4),2260,1,-,3,-,0.6,65.1,0.6,-,6.9,Osasuna,2010/2011
"Kike Sola 38,  FW",184,78,12(4),1073,7,-,4,-,1.9,69.9,1.5,-,6.81,Osasuna,2010/2011
"Aranda 43,  FW",186,82,15(5),1212,4,4,4,-,1.2,76.3,0.7,1,6.74,Osasuna,2010/2011
"Miguel Flaño 39,  D(C)",177,70,28(2),2571,2,-,5,-,0.3,77.6,2.1,1,6.73,Osasuna,2010/2011
"Lolo 39,  D(C),M(C)",182,72,23(4),2030,2,-,5,1,0.7,70.5,1.8,1,6.66,Osasuna,2010/2011
"Josetxo 47,  D(C),DMC",185,79,6(3),580,-,-,2,-,-,77.3,1.2,-,6.64,Osasuna,2010/2011
"Walter Pandiani 47,  AM(L),FW",185,75,13(8),1288,3,-,4,-,2.1,65,2.4,-,6.58,Osasuna,2010/2011
"Fernando Soriano 44,  M(C)",189,81,23(7),1928,2,4,11,1,1.3,68.1,1.5,-,6.52,Osasuna,2010/2011
"Oier Sanjurjo 37,  D(CR),M(C)",178,72,2(1),207,-,-,2,-,-,75.7,1,-,6.45,Osasuna,2010/2011
"Krisztian Vadócz 38,  D(C),M(CR)",188,83,12(19),1282,3,1,3,-,0.9,65.1,0.8,-,6.44,Osasuna,2010/2011
"Javier Calleja 45,  AM(C)",171,70,4(14),409,1,1,3,-,0.4,66.9,0.2,-,6.38,Osasuna,2010/2011
"Dejan Lekic 38,  AM(L)",193,93,5(22),739,2,-,3,-,0.9,60.1,1.3,-,6.26,Osasuna,2010/2011
"Rúper 36,  DMC",182,79,0(4),78,-,-,-,-,0.8,81.4,1,-,6.25,Osasuna,2010/2011
"Coro 41,  M(CLR),FW",172,70,4(2),337,-,-,1,-,0.8,63.5,0.2,-,6.18,Osasuna,2010/2011
"Annunziata 36,  Midfielder",174,63,0(1),8,-,-,-,-,-,100,-,-,5.97,Osasuna,2010/2011
"David Timor 34,  D(C),M(C)",185,80,0(1),10,-,-,1,-,-,75,-,-,5.84,Osasuna,2010/2011
"Raúl 37,  Goalkeeper",181,75,1,90,-,-,-,-,-,55.6,-,-,7.62,Sporting Gijon,2010/2011
"Cote 34,  D(L)",182,74,23(3),2137,-,1,8,1,1.4,69.2,1.2,4,7.31,Sporting Gijon,2010/2011
"Diego Castro 41,  M(CLR)",174,71,26(2),2359,9,3,3,-,2.1,79.1,0.1,3,7.25,Sporting Gijon,2010/2011
"Alberto Lora 36,  D(R)",164,68,35(1),3170,-,2,6,1,0.3,74.8,0.7,2,7.16,Sporting Gijon,2010/2011
"Nacho Cases 36,  M(C)",175,66,17(1),1420,1,2,3,-,0.6,73.3,0.5,2,7.09,Sporting Gijon,2010/2011
"Alberto Rivera 46,  M(C)",170,68,30,2562,-,3,5,-,0.4,78.9,0.3,1,7.09,Sporting Gijon,2010/2011
"Iván Hernández 44,  D(CL),DMC",185,80,24(1),2165,-,-,4,-,0.2,69.3,1,-,7.01,Sporting Gijon,2010/2011
"Miguel De las Cuevas 37,  M(CL)",175,69,30(7),2505,6,4,5,-,1.4,78,0.6,1,6.95,Sporting Gijon,2010/2011
"Iván Cuéllar 39,  GK",187,76,13,1148,-,-,5,-,-,51.9,0.1,-,6.92,Sporting Gijon,2010/2011
"Roberto Canella 36,  D(L)",179,76,15(2),1318,-,2,-,-,0.2,69.7,0.6,-,6.9,Sporting Gijon,2010/2011
"Grégory Arnolin 43,  D(CL),DMC",187,87,23,1997,1,-,5,1,0.4,74.8,2.4,-,6.9,Sporting Gijon,2010/2011
"Alberto Botia 35,  D(C)",189,89,27(1),2441,1,-,12,1,0.5,72.6,0.9,1,6.81,Sporting Gijon,2010/2011
"Juan Pablo 45,  GK",187,83,24(1),2182,-,-,3,-,-,56.8,0.2,1,6.79,Sporting Gijon,2010/2011
"David Barral 40,  FW",183,78,24(10),2320,5,-,12,-,2.1,67.4,2.8,-,6.75,Sporting Gijon,2010/2011
"Castro 35,  M(C)",181,76,11(5),948,2,1,3,-,1.4,75.3,0.8,-,6.71,Sporting Gijon,2010/2011
"Sebastián Eguren 43,  D(C),M(CR)",186,84,27(3),2241,1,-,9,1,0.6,72,1.4,-,6.69,Sporting Gijon,2010/2011
"Carmelo 40,  M(C),FW",180,70,9(9),911,-,2,5,-,0.9,76.6,0.7,1,6.68,Sporting Gijon,2010/2011
"Rafael Sastre 48,  D(R)",179,75,7(1),584,-,-,3,1,-,67.7,1.1,-,6.65,Sporting Gijon,2010/2011
"Ayoze 38,  M(CL)",172,72,6(7),553,1,-,-,-,0.4,81.3,0.4,-,6.49,Sporting Gijon,2010/2011
"Jorge García 40,  Defender",184,79,2(3),215,-,-,-,-,-,86.3,1,-,6.48,Sporting Gijon,2010/2011
"Nacho Novo 44,  M(C),FW",175,72,15(15),1488,4,-,5,-,0.9,67,0.2,-,6.47,Sporting Gijon,2010/2011
"Sergio Matabuena 45,  DMC",185,79,3(1),252,-,-,1,-,-,76.1,0.8,-,6.42,Sporting Gijon,2010/2011
"Juan Muñiz 31,  Midfielder",174,76,0(1),26,-,-,-,-,1,50,-,-,6.37,Sporting Gijon,2010/2011
"Gastón Sangoy 39,  AM(L)",179,79,14(5),1095,2,1,4,-,1.9,63.6,0.6,-,6.32,Sporting Gijon,2010/2011
"Luis Morán 36,  M(CR)",172,67,6(9),607,-,-,2,-,0.5,69.7,0.2,-,6.31,Sporting Gijon,2010/2011
"Sergio Álvarez 32,  D(C),M(C)",183,74,3(4),243,-,-,2,-,0.4,80.7,0.3,-,6.29,Sporting Gijon,2010/2011
"Mate Bilic 43,  AM(L),FW",185,81,3(15),482,-,-,4,-,0.8,66.7,1.3,-,6.18,Sporting Gijon,2010/2011
"Marcos Landeira 36,  Midfielder",182,80,0(1),16,-,-,-,-,-,90,-,-,6.12,Sporting Gijon,2010/2011
"Guillermo Méndez 32,  Forward",177,62,0(1),8,-,-,-,-,-,66.7,1,-,6.07,Sporting Gijon,2010/2011
"Cristian Portilla 35,  Midfielder",180,75,0(1),1,-,-,-,-,-,-,-,-,6,Sporting Gijon,2010/2011
"Javi Poves 37,  Defender",184,79,0(1),11,-,-,-,-,-,66.7,-,-,5.95,Sporting Gijon,2010/2011
"Julio Baptista 42,  AM(C),FW",183,86,11,964,9,-,3,-,2.7,69.7,1.2,1,7.38,Malaga,2010/2011
"Duda 43,  M(CLR)",175,71,20,1596,3,5,6,-,1.6,73.7,0.5,2,7.32,Malaga,2010/2011
"Weligton 44,  D(C)",186,71,31,2790,1,1,5,-,0.5,77.1,2.7,3,7.3,Malaga,2010/2011
"Martín Demichelis 43,  D(C)",184,80,18,1482,1,-,7,2,0.4,81.3,2.6,2,7.28,Malaga,2010/2011
"Willy Caballero 42,  GK",186,81,15,1347,-,-,1,-,-,53.4,0.3,-,7.16,Malaga,2010/2011
"Apoño 40,  M(C)",173,72,26(1),2178,2,5,7,-,1.3,83,0.6,-,7.12,Malaga,2010/2011
"Jesús Gámez 38,  D(LR)",177,75,30,2583,-,3,8,1,0.3,77.9,1.2,1,7.11,Malaga,2010/2011
"Eliseu 40,  D(L),M(L)",175,75,34(1),2953,4,6,12,2,1.7,77.4,0.9,2,7.09,Malaga,2010/2011
"Salomón Rondón 34,  FW",186,86,28(2),2427,14,2,2,-,2.5,73.9,2,2,7.04,Malaga,2010/2011
"Rubén Martínez 39,  GK",188,79,7,630,-,-,1,-,-,66.2,-,-,6.86,Malaga,2010/2011
"Juanito 44,  D(C),M(CR)",186,78,5(1),470,-,-,1,-,0.2,82.4,1.3,-,6.86,Malaga,2010/2011
"Kris Stadsgaard 38,  D(C)",185,82,23(2),2102,1,-,4,-,0.3,85.6,0.8,-,6.83,Malaga,2010/2011
"Sebastián Fernández 38,  M(C),FW",171,69,21(9),1911,7,4,3,-,1.4,75.7,0.4,-,6.79,Malaga,2010/2011
"Recio 33,  M(C)",183,74,18(5),1633,2,2,3,-,0.5,87.2,0.4,1,6.76,Malaga,2010/2011
"Ignacio Camacho 33,  D(C),M(C)",182,75,12(3),1071,-,1,5,-,0.3,82.1,0.9,-,6.7,Malaga,2010/2011
"Quincy Owusu-Abeyie 37,  AM(L)",180,72,15(10),1472,2,2,1,-,1.4,81.6,0.2,1,6.67,Malaga,2010/2011
"Sergio Asenjo 34,  GK",189,87,5,368,-,-,2,-,-,50,0.2,-,6.65,Malaga,2010/2011
"Manolo Gaspar 43,  D(R)",173,71,7(2),724,-,-,2,1,0.1,66.9,0.9,-,6.6,Malaga,2010/2011
"Rodrigo Galatto 40,  GK",193,89,4,360,-,-,-,-,-,56.7,-,-,6.57,Malaga,2010/2011
"Patrick Mtiliga 43,  D(L)",171,72,17(2),1555,-,1,4,-,0.2,83.5,0.5,-,6.56,Malaga,2010/2011
"Sandro Silva 39,  DMC",184,76,12(12),1224,-,1,8,-,0.1,83.5,0.4,-,6.51,Malaga,2010/2011
"Juanmi 30,  AM(CLR),FW",172,69,6(11),592,4,2,1,-,1.1,85,0.4,-,6.5,Malaga,2010/2011
"Francesc Arnau 48,  GK",186,83,8(2),805,-,-,2,-,-,65.9,0.2,-,6.49,Malaga,2010/2011
"Ivan Gonzalez 36,  D(CL)",184,80,4(2),326,-,-,-,-,0.2,73,1.2,-,6.47,Malaga,2010/2011
"Edinho 41,  FW",185,74,1(7),232,-,1,2,-,1.6,69.6,0.9,-,6.42,Malaga,2010/2011
"Enzo Maresca 44,  M(C)",180,77,9(11),716,2,2,2,-,0.6,77.3,0.3,-,6.38,Malaga,2010/2011
"Fernando 44,  D(C),M(CR)",181,77,12(9),1084,2,-,2,-,0.5,80.9,0.4,-,6.38,Malaga,2010/2011
"Francisco Portillo 33,  M(CLR)",169,60,7(10),765,-,1,-,-,0.4,78.7,0.1,-,6.38,Malaga,2010/2011
"Manuel Torres 34,  D(CL)",186,76,5(2),421,-,-,4,-,0.6,76.7,0.4,-,6.16,Malaga,2010/2011
"Hélder Rosario 44,  D(C)",180,79,3,246,-,-,1,1,0.3,83.9,1,-,6.1,Malaga,2010/2011
"Albert Luque 46,  Forward",185,76,0(3),75,-,-,1,-,0.3,81.3,-,-,6.09,Malaga,2010/2011
"Edu Ramos 32,  Midfielder",176,77,1(4),101,-,-,1,-,0.2,70,0.2,-,6.08,Malaga,2010/2011
"Nabil Baha 42,  AM(CL),FW",181,76,4(1),265,-,-,1,-,0.8,71.2,1.4,-,5.99,Malaga,2010/2011
"Cala 34,  Midfielder",172,65,0(1),22,-,-,-,-,-,80,-,-,5.87,Malaga,2010/2011
"Mario Fernández 35,  GK",184,74,1,90,-,-,-,-,-,75,-,1,10,Racing Santander,2010/2011
"Bolaño 38,  D(L)",182,77,13(5),1242,3,-,1,1,0.8,70.9,1.7,1,7.06,Racing Santander,2010/2011
"Henrique 37,  D(CR)",185,84,35,3079,2,1,8,1,0.5,80.9,1.8,2,7.05,Racing Santander,2010/2011
"Toño 44,  GK",182,81,37,3330,-,-,5,-,0.1,49.7,0.5,5,7.04,Racing Santander,2010/2011
"Gonzalo Colsa 44,  D(C),M(CR)",185,77,30(1),2666,2,1,8,-,1.1,82.5,2,1,7.03,Racing Santander,2010/2011
"Kennedy 43,  M(C)",181,71,30(2),2374,6,3,5,-,1.8,78.8,0.5,1,6.95,Racing Santander,2010/2011
"Francis 42,  D(R)",178,70,20(4),1837,-,1,3,1,0.2,77.1,0.8,-,6.93,Racing Santander,2010/2011
"Marc Torrejón 38,  D(CR)",187,87,36,3152,1,2,5,-,0.1,83.4,1.5,-,6.92,Racing Santander,2010/2011
"Pablo Pinillos 49,  D(R)",173,71,19(1),1639,2,2,5,-,0.2,76,0.6,2,6.88,Racing Santander,2010/2011
"Giovani dos Santos 34,  AM(CLR),FW",174,71,9(7),956,5,1,1,-,1.6,83,-,1,6.88,Racing Santander,2010/2011
"Ramón Árcas 33,  Midfielder",182,75,1,80,-,-,-,-,-,73.5,2,-,6.85,Racing Santander,2010/2011
"Alexandros Tziolis 39,  M(C)",192,85,8(2),729,-,-,1,-,0.8,82.5,1.1,-,6.84,Racing Santander,2010/2011
"Álvaro González 34,  D(C)",178,72,3,262,-,-,2,-,0.3,70,1,-,6.84,Racing Santander,2010/2011
"Pedro Munitis 48,  M(CLR),FW",167,70,33(3),2853,1,5,9,1,1.1,73.3,0.6,-,6.82,Racing Santander,2010/2011
"Mehdi Lacen 39,  M(C)",176,74,24(9),2328,1,3,5,1,0.6,78.7,0.7,1,6.79,Racing Santander,2010/2011
"Domingo Cisma 42,  D(L)",183,79,27(5),2417,-,2,7,1,0.4,71.3,1,2,6.76,Racing Santander,2010/2011
"Pape Diop 37,  M(C)",180,77,13(6),1064,-,2,5,-,0.6,77.8,1.1,-,6.72,Racing Santander,2010/2011
"Markus Rosenberg 41,  FW",185,76,29(4),2411,9,1,8,1,3,64.7,0.8,1,6.66,Racing Santander,2010/2011
"Julián Luque 31,  AM(C)",175,73,1(6),216,-,1,-,-,0.7,68.9,0.9,-,6.64,Racing Santander,2010/2011
"Osmar 35,  DMC",192,84,2(2),255,-,-,-,-,-,65.5,1,-,6.61,Racing Santander,2010/2011
"Adrián González 35,  M(CL)",183,78,16(7),1323,-,1,2,-,1.3,76.6,1,-,6.57,Racing Santander,2010/2011
"Ariel Nahuelpán 36,  AM(L),FW",190,97,15(15),1375,3,-,2,-,1.8,70.3,1.1,2,6.54,Racing Santander,2010/2011
"Waldo Ponce 41,  Defender",183,76,2,180,-,-,-,-,0.5,92.9,-,-,6.5,Racing Santander,2010/2011
"Manuel Arana 39,  D(C),M(CR)",175,72,5(9),585,1,1,3,-,1,74.4,0.2,-,6.46,Racing Santander,2010/2011
"Óscar Serrano 42,  AM(CL),FW",172,73,0(4),49,1,-,1,-,0.3,57.9,-,-,6.37,Racing Santander,2010/2011
"Tato 31,  Midfielder",178,69,1(1),80,-,-,-,-,-,81,0.5,-,6.26,Racing Santander,2010/2011
"Iván Bolado 34,  FW",178,69,7(12),730,1,1,2,-,0.5,81.9,0.2,-,6.23,Racing Santander,2010/2011
"Edu Bedia 34,  AM(C)",182,74,0(6),68,-,-,-,-,0.3,82.5,-,-,6.1,Racing Santander,2010/2011
"Mohammed Tchité 40,  AM(L),FW",176,69,1,90,-,-,-,-,2,100,1,-,5.82,Racing Santander,2010/2011
"Gabi 40,  M(C)",180,74,36,3230,10,6,15,-,2.3,78.2,1.1,11,7.67,Real Zaragoza,2010/2011
"Jirí Jarosik 46,  D(C)",195,89,36,3197,3,1,6,1,1.2,69.1,3.4,-,7.3,Real Zaragoza,2010/2011
"Ander Herrera 34,  M(C)",182,71,30(3),2625,2,3,13,2,1.7,75.5,1.2,-,7.12,Real Zaragoza,2010/2011
"Leonardo Ponzio 42,  M(C)",178,75,30(2),2574,2,2,12,2,1.2,69.2,0.8,2,7.08,Real Zaragoza,2010/2011
"Paulo Da Silva 44,  D(C)",180,76,10(3),946,-,-,1,-,0.4,70.7,1.2,-,6.92,Real Zaragoza,2010/2011
"Ivan Obradovic 35,  D(L)",181,74,19(1),1574,-,-,5,-,0.2,69.8,1.3,-,6.91,Real Zaragoza,2010/2011
"Javier Paredes 41,  D(C)",175,73,16(3),1578,-,1,8,-,0.5,70.7,1.4,-,6.91,Real Zaragoza,2010/2011
"Ángel Lafita 39,  M(CLR),FW",187,73,22(8),2052,4,1,4,-,1.7,72.1,1,1,6.89,Real Zaragoza,2010/2011
"Toni Doblas 43,  GK",184,78,17(1),1544,-,-,3,1,-,44.7,0.3,-,6.87,Real Zaragoza,2010/2011
"Carlos Diogo 40,  D(R)",186,79,33,2952,-,-,13,-,0.6,71.5,1.4,-,6.8,Real Zaragoza,2010/2011
"Matteo Contini 43,  D(C)",184,76,24,2048,-,-,10,1,0.1,68.5,1,-,6.8,Real Zaragoza,2010/2011
"Leo Franco 46,  GK",188,79,21(2),1875,-,-,-,-,-,44.4,0.2,1,6.68,Real Zaragoza,2010/2011
"Maurizio Lanzaro 41,  D(CLR)",183,80,17,1390,1,-,8,-,0.3,65.7,0.9,-,6.68,Real Zaragoza,2010/2011
"Said Boutahar 41,  M(C)",172,72,12(9),1029,2,1,1,-,1.2,80.7,0.1,-,6.64,Real Zaragoza,2010/2011
"Nicolás Bertolo 38,  M(CLR),FW",180,75,25(11),2232,5,-,3,-,1.4,77.1,0.3,-,6.64,Real Zaragoza,2010/2011
"Ikechukwu Uche 40,  FW",172,70,11(3),924,1,4,-,1,1.5,69.5,0.4,1,6.61,Real Zaragoza,2010/2011
"Kevin Lacruz 32,  Defender",178,69,2(1),152,-,-,1,-,-,79.1,-,-,6.48,Real Zaragoza,2010/2011
"Braulio 38,  AM(L)",178,77,12(15),1343,3,3,5,-,1.1,75,0.8,-,6.47,Real Zaragoza,2010/2011
"Jorge López 45,  M(CR),FW",184,79,12(15),1107,-,-,2,-,0.9,71,0.5,-,6.44,Real Zaragoza,2010/2011
"Guirane N'Daw 39,  M(C)",190,78,3(6),258,-,-,1,-,0.3,66.7,1.7,-,6.38,Real Zaragoza,2010/2011
"Florent Sinama-Pongolle 39,  AM(L),FW",176,70,15(9),1276,4,-,4,-,1.4,70.2,0.9,2,6.38,Real Zaragoza,2010/2011
"Edmílson 47,  D(C),M(C)",186,75,8(4),625,1,-,3,-,0.6,82.4,0.3,-,6.36,Real Zaragoza,2010/2011
"Marco Pérez 33,  Forward",185,84,3(13),562,1,-,-,-,1.2,71.7,0.6,-,6.2,Real Zaragoza,2010/2011
"Ádám Pintér 35,  D(C),M(C)",191,76,4(5),370,-,-,2,1,0.2,72.1,0.7,-,6.17,Real Zaragoza,2010/2011
"Manolo Reina 38,  GK",186,81,18,1620,-,-,3,-,-,56.2,0.4,3,7.27,Levante,2010/2011
"Juanfran 47,  D(CL)",183,78,22(1),1876,-,-,10,-,0.2,66.8,1.2,-,7.05,Levante,2010/2011
"Iborra 36,  M(C)",190,80,14(2),1260,-,-,9,-,1,77.9,2.3,1,7.04,Levante,2010/2011
"Asier Del Horno 43,  D(C),DMC",183,72,21(1),1898,2,1,8,-,0.8,66.9,1.7,-,7.03,Levante,2010/2011
"Juanlu 43,  AM(L)",173,70,28(2),2311,3,5,8,-,1.8,66.1,0.3,3,6.99,Levante,2010/2011
"Javi Venta 48,  D(R)",180,74,33,2970,-,-,8,-,0.3,72.4,0.5,-,6.9,Levante,2010/2011
"Felipe Caicedo 35,  FW",183,84,22(5),1719,13,2,8,-,1.7,70.9,1.3,1,6.88,Levante,2010/2011
"Sergio Ballesteros 48,  D(C)",188,93,35,3134,1,1,11,-,0.2,70.3,1,-,6.86,Levante,2010/2011
"Gustavo Munúa 46,  GK",188,87,20,1800,-,-,6,-,-,45.8,0.3,1,6.83,Levante,2010/2011
"Nano 43,  DMC",186,80,28(4),2610,2,1,9,-,0.3,66.7,1,-,6.81,Levante,2010/2011
"Valdo 42,  M(CR),FW",184,78,25(4),2128,2,8,4,-,1.1,70.8,2.1,1,6.81,Levante,2010/2011
"Xavi Torres 37,  M(C)",182,76,34(1),3071,-,1,6,-,0.7,78.2,1,-,6.79,Levante,2010/2011
"Rubén Suárez 45,  FW",167,67,18(9),1531,5,4,5,-,1.4,79.7,0.4,1,6.66,Levante,2010/2011
"Jefferson Montero 34,  M(L)",173,70,4(7),527,-,-,1,-,1,74.7,0.1,-,6.66,Levante,2010/2011
"Miguel Pallardó 37,  M(CR)",173,73,21(6),1828,-,-,6,-,0.4,76.1,0.4,-,6.65,Levante,2010/2011
"Sergio 47,  D(C),M(CR)",182,81,9(5),902,2,-,1,-,0.6,78.3,0.8,-,6.63,Levante,2010/2011
"Rafael Jordá 40,  AM(L)",191,87,7(10),732,2,1,4,-,1.2,63.3,3.2,-,6.53,Levante,2010/2011
"Cristhian Stuani 37,  AM(CLR),FW",186,76,11(19),1266,8,2,5,-,1.1,71,0.9,1,6.52,Levante,2010/2011
"Héctor Rodas 36,  D(C)",190,85,5,409,-,-,2,-,0.6,70.5,1.4,-,6.44,Levante,2010/2011
"Xisco Muñoz 43,  M(C),FW",175,69,16(10),1336,1,2,4,-,0.9,78.3,0.2,1,6.4,Levante,2010/2011
"Miguel Robusté 38,  Defender",185,80,4(3),418,-,-,3,-,0.1,67.4,0.4,-,6.4,Levante,2010/2011
"Xisco Nadal 37,  DMC",181,81,13(13),1254,-,2,1,3,0.8,64.6,1.1,-,6.38,Levante,2010/2011
"Ignacio González 41,  Midfielder",180,73,2(1),119,-,-,-,-,0.7,76.3,2,-,6.37,Levante,2010/2011
"Wellington Silva 31,  AM(CLR)",173,65,0(2),35,-,-,-,-,0.5,61.5,-,-,6.36,Levante,2010/2011
"Cerra 40,  D(R)",177,68,7(2),654,-,-,3,-,0.1,60.9,1.4,-,6.26,Levante,2010/2011
"Gorka Larrea 39,  DMC",181,75,2(4),227,-,-,1,-,0.7,63.3,1.5,-,6.19,Levante,2010/2011
"Adrián Lois 35,  Midfielder",176,72,0(1),11,-,-,-,-,-,100,-,-,6.1,Levante,2010/2011
"Mono 35,  Forward",176,70,0(1),4,-,-,-,-,-,33.3,1,-,6.04,Levante,2010/2011
"Xabi Prieto 40,  M(CLR)",187,76,36(1),3239,7,12,6,-,0.7,76.3,3.4,3,7.33,Real Sociedad,2010/2011
"Diego Rivas 43,  D(C),M(R)",180,80,31(1),2581,2,1,9,-,0.4,75.4,1.5,1,7.05,Real Sociedad,2010/2011
"Antoine Griezmann 32,  AM(CLR),FW",176,73,34(3),2869,7,1,7,-,2,67.9,1.1,2,7.01,Real Sociedad,2010/2011
"Carlos Martínez 37,  D(R)",189,79,25,2206,-,1,1,-,0.4,66,1.3,1,7.01,Real Sociedad,2010/2011
"Claudio Bravo 40,  GK",184,80,38,3420,-,-,1,-,-,57.1,0.4,2,6.95,Real Sociedad,2010/2011
"Mikel Aranburu 45,  D(C),M(CR),FW",180,70,27(5),2328,5,2,6,-,1,77.3,0.4,2,6.9,Real Sociedad,2010/2011
"Mikel González 38,  D(C)",190,78,30(2),2676,-,1,5,-,0.4,65.2,1.4,-,6.88,Real Sociedad,2010/2011
"Vadim Demidov 37,  D(C)",185,80,12(1),1092,-,2,2,-,0.4,70.3,1.6,-,6.88,Real Sociedad,2010/2011
"Alberto de la Bella 38,  D(L)",182,79,28(2),2529,-,1,4,-,0.6,68.1,1.1,-,6.86,Real Sociedad,2010/2011
"David Zurutuza 37,  M(CL)",186,79,30(6),2527,2,1,6,-,1.4,74.2,2.3,1,6.84,Real Sociedad,2010/2011
"Daniel Estrada 37,  D(R)",179,74,18(1),1625,1,2,4,-,0.6,65.3,0.8,1,6.82,Real Sociedad,2010/2011
"Joseba Llorente 44,  FW",184,72,15(3),1277,5,6,4,-,1.4,74.6,0.7,-,6.81,Real Sociedad,2010/2011
"Ion Ansotegi 41,  D(C)",192,84,32,2813,1,1,3,-,0.6,68.7,1.6,-,6.76,Real Sociedad,2010/2011
"Asier Illarramendi 34,  M(C)",179,75,2(1),188,-,-,2,-,0.7,75.9,1.7,-,6.71,Real Sociedad,2010/2011
"Mikel Labaka 43,  D(C)",185,79,9(5),921,-,-,3,-,0.4,70.8,0.8,-,6.65,Real Sociedad,2010/2011
"Raúl Tamudo 46,  AM(L)",180,74,20(11),1829,7,1,5,-,1.4,75.3,0.8,2,6.51,Real Sociedad,2010/2011
"Gorka Elustondo 36,  D(C),M(C)",184,79,13(5),1184,-,-,3,-,0.9,74.8,0.9,-,6.45,Real Sociedad,2010/2011
"Markel Bergara 37,  M(C)",180,74,9(10),952,-,-,5,-,0.3,77.9,1.1,-,6.44,Real Sociedad,2010/2011
"Paco Sutil 39,  Midfielder",172,72,4(13),501,2,-,1,-,1.2,63.3,0.1,-,6.43,Real Sociedad,2010/2011
"Diego Ifrán 36,  FW",174,74,3(7),330,2,-,2,-,1.6,72,0.2,-,6.39,Real Sociedad,2010/2011
"Imanol Agirretxe 37,  FW",187,78,1(10),190,3,-,-,-,0.5,68.9,0.3,-,6.27,Real Sociedad,2010/2011
"Jeffrey Sarpong 35,  AM(CLR)",176,67,1(15),326,1,1,1,-,1.1,79.1,0.1,-,6.26,Real Sociedad,2010/2011
"Borja Viguera 36,  AM(L),FW",184,74,0(5),65,-,-,-,-,0.6,65.4,0.2,-,6.15,Real Sociedad,2010/2011
"Derek Boateng 40,  M(C)",185,77,30(2),2631,2,2,12,1,0.5,82.2,2.7,3,7.2,Getafe,2010/2011
"Dani Parejo 34,  M(C)",182,74,28(8),2498,3,4,8,-,1.5,84.9,0.5,2,7.09,Getafe,2010/2011
"Cata Díaz 44,  D(C)",182,74,35,3101,1,1,14,1,0.5,79.1,0.6,-,7,Getafe,2010/2011
"Jaime Gavilán 38,  AM(L)",177,71,15(3),1269,2,7,1,-,1.6,80.2,0.7,3,6.97,Getafe,2010/2011
"Víctor Sánchez 36,  D(LR),M(CL)",174,72,21(8),1902,1,3,10,-,0.7,80.5,0.6,2,6.94,Getafe,2010/2011
"Iván Marcano 36,  D(CL)",189,77,26(3),2454,1,-,10,1,0.4,79.3,1.8,2,6.93,Getafe,2010/2011
"Pedro Ríos 42,  M(R)",175,72,27(4),2238,7,3,5,-,1.5,66.1,1.2,2,6.92,Getafe,2010/2011
"Mario Álvarez 42,  D(C)",178,75,3,227,-,-,1,-,0.3,83.6,0.3,-,6.9,Getafe,2010/2011
"Jordi Codina 41,  GK",189,81,22(1),2054,-,-,1,-,-,51.2,0.3,1,6.89,Getafe,2010/2011
"Rafa 38,  D(CL)",183,72,17(2),1547,-,-,7,1,0.4,84,1.4,-,6.88,Getafe,2010/2011
"Manu del Moral 40,  M(CLR),FW",185,84,28(2),2428,9,4,3,1,2.8,75,0.7,1,6.85,Getafe,2010/2011
"Óscar Ustari 37,  GK",184,82,16,1369,-,-,2,-,-,57,0.1,-,6.79,Getafe,2010/2011
"Mané 42,  D(L)",175,68,30(1),2617,-,2,7,-,0.8,77.1,0.3,2,6.76,Getafe,2010/2011
"Miguel Torres 38,  D(CLR)",185,81,32,2638,-,-,6,-,0.1,76.6,1.1,-,6.7,Getafe,2010/2011
"Miku Fedor 38,  FW",185,91,24(7),2195,7,3,6,-,1.3,72.2,1.3,-,6.67,Getafe,2010/2011
"Adrián Colunga 39,  AM(LR),FW",169,64,22(7),1857,7,-,1,-,2.4,76.7,0.2,-,6.54,Getafe,2010/2011
"Juan Ángel Albín 37,  AM(C),FW",179,77,4(14),697,2,1,-,1,1.3,71.9,0.9,-,6.49,Getafe,2010/2011
"Pablo Pintos 36,  D(R)",183,73,4(2),426,-,-,2,-,0.2,79.8,0.2,-,6.46,Getafe,2010/2011
"Casquero 48,  D(C),M(CR),FW",180,73,15(12),1321,1,2,5,-,1,82.4,0.4,-,6.46,Getafe,2010/2011
"Adrián Sardinero 33,  Forward",175,60,4(7),469,1,-,-,-,0.9,70.7,0.2,-,6.4,Getafe,2010/2011
"Javier Arizmendi 40,  M(CLR)",189,76,7(12),758,2,2,3,-,1.3,74.6,0.8,-,6.38,Getafe,2010/2011
"Borja Fernández 43,  M(C)",189,82,4(9),451,-,-,3,-,0.2,76,0.5,-,6.29,Getafe,2010/2011
"Pedro Mosquera 35,  M(C)",184,75,4(10),404,-,2,2,1,1.1,74.1,0.1,-,6.23,Getafe,2010/2011
"Edson Ratinho 37,  D(R)",170,62,7,576,-,-,3,-,0.6,81.8,0.7,-,7.09,Mallorca,2010/2011
"Iván Ramis 39,  D(C)",188,82,33,2922,3,-,6,-,0.8,77.2,2.4,1,7.09,Mallorca,2010/2011
"Jonathan de Guzmán 36,  M(CLR)",173,70,33,2871,5,4,6,1,1.7,78.5,0.9,4,7.08,Mallorca,2010/2011
"Pierre Webó 42,  FW",181,78,28(6),2643,11,6,8,1,2.5,63.6,3.5,1,7,Mallorca,2010/2011
"Kevin Martín 34,  D(L)",178,74,18(1),1585,-,-,3,-,0.2,69.8,0.8,-,6.98,Mallorca,2010/2011
"Martí 48,  M(C)",180,74,33(1),2815,-,3,9,-,0.6,79.5,0.9,2,6.94,Mallorca,2010/2011
"Pau Cendrós 36,  D(R)",176,70,29(2),2451,-,-,8,-,0.1,69.3,0.8,1,6.92,Mallorca,2010/2011
"Michaël Pereira 36,  M(LR)",187,80,24(11),2307,5,3,5,-,1.9,75.5,0.5,2,6.86,Mallorca,2010/2011
"Gonzalo Castro 39,  AM(LR),FW",178,80,25(8),2202,5,6,2,-,1.8,80.4,0.2,1,6.85,Mallorca,2010/2011
"Emilio Nsue 34,  D(R),M(R),FW",182,77,34(4),2957,4,3,2,-,1.8,75,2.1,1,6.82,Mallorca,2010/2011
"Rubén González 42,  D(C)",187,77,8(5),791,-,-,1,1,0.2,70.5,1.4,1,6.77,Mallorca,2010/2011
"José Nunes 47,  D(C)",185,82,34,2995,1,-,7,1,0.4,74.1,1.9,-,6.77,Mallorca,2010/2011
"Germán Lux 41,  GK",185,79,3(1),315,-,-,-,-,-,61.5,-,-,6.76,Mallorca,2010/2011
"Sergio Tejera 33,  D(C),M(C),FW",180,75,10(6),812,-,2,5,-,0.7,80.8,0.1,-,6.75,Mallorca,2010/2011
"Enrique Corrales 42,  D(L)",175,70,1(1),127,-,-,-,-,-,78.2,-,-,6.75,Mallorca,2010/2011
"Dudu Aouate 46,  GK",188,84,35,3106,-,-,2,-,-,48.3,0.2,2,6.74,Mallorca,2010/2011
"João Victor 35,  D(C),M(CR)",181,75,21(11),2100,-,1,6,-,0.3,83.9,1.2,-,6.69,Mallorca,2010/2011
"Ayoze Díaz 41,  D(L)",175,75,19,1710,-,1,8,-,0.5,71.1,0.2,-,6.67,Mallorca,2010/2011
"Víctor Casadesús 39,  AM(C),FW",180,79,9(10),836,3,2,1,-,1.3,68.9,2,1,6.57,Mallorca,2010/2011
"Akihiro Ienaga 37,  Midfielder",173,70,3(11),461,2,-,2,-,1.3,85.2,0.4,-,6.47,Mallorca,2010/2011
"Martí Crespí 36,  D(C)",183,74,3(2),277,-,-,3,-,0.4,79.7,1.4,-,6.36,Mallorca,2010/2011
"Fernando Cavenaghi 40,  AM(CL),FW",181,78,7(4),600,2,-,-,-,1,81,0.1,-,6.32,Mallorca,2010/2011
"Tomás Pina 36,  M(C)",184,78,1(8),159,-,-,-,-,0.1,82.7,0.4,-,6.28,Mallorca,2010/2011
"Sergi Enrich 34,  FW",181,77,1(4),104,-,-,1,-,0.2,79.3,-,-,6.1,Mallorca,2010/2011
"Rubén Pérez 34,  M(C)",178,73,31(1),2753,-,2,13,-,0.9,82.2,0.6,-,7.26,Deportivo La Coruna,2010/2011
"Daniel Aranzubia 44,  GK",184,80,32,2880,1,-,4,-,0.1,52.4,0.4,3,7.1,Deportivo La Coruna,2010/2011
"Diego Colotto 43,  D(C)",184,83,36,3192,2,3,6,1,0.8,70.2,2.1,3,7.07,Deportivo La Coruna,2010/2011
"Manuel Pablo 48,  D(LR)",177,73,30,2642,-,2,2,-,0.3,78.2,0.4,2,7,Deportivo La Coruna,2010/2011
"Alberto Lopo 43,  D(C)",186,82,33,2895,2,-,13,1,0.4,77.7,2,1,6.99,Deportivo La Coruna,2010/2011
"Antonio Tomás 39,  D(C),M(CR)",177,72,20(1),1684,-,-,2,-,0.6,81.8,0.8,1,6.88,Deportivo La Coruna,2010/2011
"Juan Rodríguez 41,  M(C)",185,72,29(2),2571,1,1,8,1,1,77.3,2.8,-,6.86,Deportivo La Coruna,2010/2011
"Manu 37,  GK",182,77,6,540,-,-,-,-,-,57.4,-,1,6.85,Deportivo La Coruna,2010/2011
"Andrés Guardado 37,  D(L),M(CL)",169,60,18(2),1485,2,1,4,-,2.1,82.8,0.5,1,6.84,Deportivo La Coruna,2010/2011
"Claudio Morel Rodríguez 46,  D(C)",175,74,14(1),1247,-,-,1,-,0.2,62.7,0.3,-,6.8,Deportivo La Coruna,2010/2011
"Diego Seoane 35,  D(C)",181,77,8(3),836,-,-,2,-,0.2,75.1,0.5,-,6.76,Deportivo La Coruna,2010/2011
"Juan Carlos Valerón 48,  AM(C)",180,72,9(12),1078,-,1,-,-,-,80.4,0.5,1,6.74,Deportivo La Coruna,2010/2011
"Aythami Artiles 37,  D(C)",184,79,17(2),1520,2,-,5,-,0.4,77.8,1.2,1,6.71,Deportivo La Coruna,2010/2011
"Jonathan Urretaviscaya 33,  DMC",170,66,5(1),379,-,-,-,-,0.7,72.3,0.2,-,6.69,Deportivo La Coruna,2010/2011
"Riki 43,  AM(R),FW",187,84,8(11),850,3,3,2,-,2.6,73.7,1.1,-,6.69,Deportivo La Coruna,2010/2011
"Adrián López 36,  M(CLR),FW",183,73,31(5),2676,8,3,2,-,1.7,70.5,1.8,1,6.64,Deportivo La Coruna,2010/2011
"Saúl 38,  M(R)",176,78,8(5),636,-,-,1,-,0.9,75.9,0.3,-,6.6,Deportivo La Coruna,2010/2011
"Lassad 39,  AM(CL),FW",188,78,16(17),1451,5,1,3,-,1.5,71,1.1,2,6.57,Deportivo La Coruna,2010/2011
"David Rochela 34,  Defender",180,77,2,149,-,-,-,-,-,74.2,2.5,-,6.57,Deportivo La Coruna,2010/2011
"Laure 38,  D(R)",171,68,21(1),1891,1,-,7,1,0.2,78.6,0.5,-,6.54,Deportivo La Coruna,2010/2011
"Juan Domínguez 34,  M(C)",181,71,9(11),1005,-,-,1,-,0.3,81.5,0.4,-,6.5,Deportivo La Coruna,2010/2011
"Xisco 37,  AM(L)",190,84,5(4),400,2,-,1,-,2.1,73.4,2,-,6.5,Deportivo La Coruna,2010/2011
"Juca 44,  M(C)",179,73,1(7),202,-,1,-,-,0.6,85.2,0.1,-,6.39,Deportivo La Coruna,2010/2011
"Knut Olav Rindarøy 38,  D(L)",177,74,3(1),245,-,-,1,-,0.3,87.7,-,-,6.38,Deportivo La Coruna,2010/2011
"Míchel Herrero 35,  M(CR)",182,68,7(1),451,-,1,1,-,0.9,81.8,0.3,1,6.38,Deportivo La Coruna,2010/2011
"Pablo Álvarez 43,  M(CR)",174,67,3(14),382,1,2,-,1,0.2,66.2,0.4,-,6.36,Deportivo La Coruna,2010/2011
"Yves Desmarets 44,  AM(C)",178,72,9(3),697,-,-,1,-,1.3,81.2,0.3,-,6.32,Deportivo La Coruna,2010/2011
"Zé Castro 41,  D(C)",183,76,4(2),389,-,-,3,-,0.2,80.9,0.7,-,6.3,Deportivo La Coruna,2010/2011
"José Sand 43,  FW",182,76,2(3),207,-,-,2,-,0.2,82.4,0.2,-,5.97,Deportivo La Coruna,2010/2011
"Dioni 34,  Forward",185,82,0(1),23,-,-,-,-,-,-,-,-,5.85,Deportivo La Coruna,2010/2011
"Farinós 45,  D(C),M(CR)",172,68,11(1),896,1,2,1,1,0.8,82.9,1.1,3,7.31,Hercules,2010/2011
"Paco Peña 45,  D(C)",170,64,28,2469,-,1,8,-,0.1,78.7,0.6,-,7.17,Hercules,2010/2011
"Mohamed Sarr 40,  D(L)",188,84,2,180,-,-,1,-,-,86.1,1.5,-,7.16,Hercules,2010/2011
"Royston Drenthe 36,  M(CLR)",167,72,15(2),1303,4,1,8,-,1.9,79,0.1,2,7.09,Hercules,2010/2011
"Abel Aguilar 39,  M(C)",185,82,33(1),2871,-,-,11,1,1,79,3,2,6.97,Hercules,2010/2011
"David Cortés 44,  D(R)",181,74,34,3038,-,2,8,-,0.2,79.1,1,1,6.97,Hercules,2010/2011
"Juan Calatayud 44,  GK",191,84,34,3049,-,-,1,1,-,50.1,0.2,3,6.96,Hercules,2010/2011
"Piet Velthuizen 37,  GK",189,87,3,270,-,-,-,-,-,54.3,0.3,-,6.93,Hercules,2010/2011
"Noé Pamarot 44,  D(L),DMC",180,81,28(1),2538,-,-,8,-,0.2,80.2,1.3,-,6.87,Hercules,2010/2011
"Nelson Haedo Valdez 40,  AM(R),FW",178,73,22(3),1832,8,2,8,1,2.4,66.1,3,2,6.85,Hercules,2010/2011
"Abraham Paz 44,  D(L)",178,75,29,2429,2,-,7,-,0.5,76.4,1.7,1,6.85,Hercules,2010/2011
"Unai Alba 46,  Goalkeeper",190,84,1(1),99,-,-,-,-,-,75.9,-,-,6.76,Hercules,2010/2011
"Tiago Gomes 38,  M(R)",178,75,25(3),2129,2,2,3,-,1.4,80.1,0.3,-,6.74,Hercules,2010/2011
"Kiko Femenía 33,  D(LR),M(R)",176,61,21(13),2082,1,6,2,-,0.7,79.3,0.4,-,6.71,Hercules,2010/2011
"Juanra 43,  DMC",183,78,13(1),1197,-,1,3,-,0.3,74.5,1.1,-,6.68,Hercules,2010/2011
"Tote 45,  M(C)",177,68,15(6),1226,1,3,1,-,0.5,78.1,-,-,6.66,Hercules,2010/2011
"Matías Fritzler 37,  M(C)",179,73,22(4),1813,-,-,6,2,0.5,73.9,1.6,-,6.63,Hercules,2010/2011
"David Trézéguet 46,  AM(CL),FW",190,85,28(3),2464,12,-,3,1,1.9,72.2,1.4,-,6.61,Hercules,2010/2011
"Cristan Robert Pulhac 39,  D(C)",176,65,9,765,-,-,3,1,0.2,73.2,0.7,-,6.58,Hercules,2010/2011
"Rodri 39,  DMC",185,81,10(3),1039,-,-,5,-,0.2,69.1,1.6,-,6.49,Hercules,2010/2011
"Olivier Thomert 43,  AM(C)",188,84,12(6),814,1,-,2,-,0.7,64.8,2.2,-,6.45,Hercules,2010/2011
"Sendoa 48,  AM(C)",176,75,7(16),779,3,3,1,-,0.6,66.9,0.2,1,6.4,Hercules,2010/2011
"Cristian 40,  Midfielder",171,66,2(17),583,-,-,1,-,0.7,84.1,0.1,-,6.34,Hercules,2010/2011
"Rufete 47,  Midfielder",178,72,3(11),511,-,1,1,-,0.4,76.9,0.4,-,6.3,Hercules,2010/2011
"Javier Portillo 41,  AM(L)",180,70,11(15),1135,1,-,1,-,1.3,83,0.3,-,6.23,Hercules,2010/2011
"Luis Carlos 33,  Forward",0,0,0(1),34,-,-,-,-,2,61.5,-,-,5.99,Hercules,2010/2011
"Diego Alves 38,  GK",190,90,33,2970,-,-,5,-,-,56.6,0.2,3,7.14,Almeria,2010/2011
"Antonio Luna 32,  D(L),M(L)",178,68,13,1168,-,1,2,1,0.1,67.8,0.5,1,7.14,Almeria,2010/2011
"Pablo Piatti 34,  M(CLR)",163,63,34(1),2948,8,4,7,-,2.6,75.6,0.3,3,6.94,Almeria,2010/2011
"Hernán Darío Bernardello 37,  M(C)",171,77,33,2855,1,5,11,-,1.2,77,0.5,1,6.88,Almeria,2010/2011
"Míchel Macedo 34,  D(R)",177,88,30(1),2649,-,1,6,-,0.5,73.6,1.1,-,6.86,Almeria,2010/2011
"Modeste M'Bami 41,  D(C),M(C)",180,80,28(2),2487,1,1,7,-,0.6,75.5,2,1,6.86,Almeria,2010/2011
"Baltasar Rigo 38,  Defender",185,81,1,90,-,-,-,-,-,68.4,3,-,6.84,Almeria,2010/2011
"Kalu Uche 41,  FW",180,79,26(6),2233,7,3,3,-,2.4,67,2.8,1,6.82,Almeria,2010/2011
"Sofiane Féghouli 34,  M(CR)",177,75,4(5),346,2,-,-,-,0.8,77.8,0.3,1,6.81,Almeria,2010/2011
"Carlos García 39,  D(C)",184,82,33,2949,1,-,9,1,0.3,80.9,1.8,-,6.79,Almeria,2010/2011
"Michael Jakobsen 38,  D(C)",185,81,14(2),1205,-,1,4,1,0.4,70.9,1.9,-,6.78,Almeria,2010/2011
"Esteban 48,  GK",177,70,6,540,-,-,1,-,-,56.4,0.5,-,6.74,Almeria,2010/2011
"Marcelo Silva 34,  D(C)",185,91,21,1845,1,-,3,-,0.3,70.2,1.4,-,6.7,Almeria,2010/2011
"Juanma Ortiz 42,  D(CR),M(CR)",179,70,23(2),2039,1,1,12,-,0.6,75,0.7,-,6.68,Almeria,2010/2011
"Albert Crusat 41,  M(CL),FW",165,65,30(4),2562,3,4,5,-,1.1,71,0.2,-,6.67,Almeria,2010/2011
"Santiago Acasiete 46,  D(C),DMC",180,83,17(3),1596,-,-,4,-,0.1,83.1,1.2,-,6.67,Almeria,2010/2011
"Leonardo Ulloa 37,  FW",188,89,16(18),1752,7,1,7,1,1.4,64.3,2.3,-,6.64,Almeria,2010/2011
"Corona 43,  M(C)",175,69,21(9),1729,2,1,2,-,1,81.4,0.2,-,6.63,Almeria,2010/2011
"Lillo 34,  D(CLR)",176,71,1(1),115,-,-,1,-,-,69,0.5,-,6.57,Almeria,2010/2011
"Fabián Vargas 43,  M(C)",177,72,12(8),1093,1,1,8,-,0.4,80.8,0.8,-,6.53,Almeria,2010/2011
"Diego Valeri 37,  AM(CLR),FW",177,75,2(7),267,-,-,1,-,1,72.3,0.1,-,6.4,Almeria,2010/2011
"Hernán Pellerano 39,  D(C)",183,74,7(1),613,-,-,2,-,-,79.1,0.4,-,6.37,Almeria,2010/2011
"Juanito 44,  D(C),M(CR)",186,78,5(4),482,-,-,1,-,0.3,75.7,0.6,-,6.35,Almeria,2010/2011
"Ortiz Bernal 46,  Midfielder",172,68,1(16),324,-,2,-,-,0.5,70.9,0.1,-,6.21,Almeria,2010/2011
"Miguel Ángel Nieto 38,  Midfielder",185,77,0(1),2,-,-,-,-,-,100,-,-,6.17,Almeria,2010/2011
"Henok Goitom 39,  FW",189,74,8(18),842,1,1,-,-,1.1,72.7,0.5,-,6.15,Almeria,2010/2011
